eventID ,case Spend area text,case Company,case Document Type,case Sub spend area text,case Purchasing Document,case Purch. Doc. Category name,case Vendor,case Item Type,case Item Category,case Spend classification text,case Source,case Name,case GR-Based Inv. Verif.,case Item,case concept:name,case Goods Receipt,event User,event org:resource,event concept:name,event Cumulative net worth (EUR),event time:timestamp
65781719105536,Sales,companyID_0000,Standard PO,Products for Resale,4507004931,Purchase order,vendorID_0670,Standard,"3-way match, invoice before GR",NPR,sourceSystemID_0000,vendor_0645,False,20,4507004931_00020,True,NONE,NONE,Vendor creates invoice,68.0,26-01-1948 23:59:00.000
65777424138241,Sales,companyID_0000,Standard PO,Products for Resale,4507004931,Purchase order,vendorID_0670,Standard,"3-way match, invoice before GR",NPR,sourceSystemID_0000,vendor_0645,False,10,4507004931_00010,True,NONE,NONE,Vendor creates debit memo,325.0,26-01-1948 23:59:00.000
65777424138240,Sales,companyID_0000,Standard PO,Products for Resale,4507004931,Purchase order,vendorID_0670,Standard,"3-way match, invoice before GR",NPR,sourceSystemID_0000,vendor_0645,False,10,4507004931_00010,True,NONE,NONE,Vendor creates invoice,325.0,26-01-1948 23:59:00.000
65794604007424,Sales,companyID_0000,Standard PO,Products for Resale,4507004931,Purchase order,vendorID_0670,Standard,"3-way match, invoice before GR",NPR,sourceSystemID_0000,vendor_0645,False,50,4507004931_00050,True,NONE,NONE,Vendor creates invoice,102.0,26-01-1948 23:59:00.000
65794604007425,Sales,companyID_0000,Standard PO,Products for Resale,4507004931,Purchase order,vendorID_0670,Standard,"3-way match, invoice before GR",NPR,sourceSystemID_0000,vendor_0645,False,50,4507004931_00050,True,NONE,NONE,Vendor creates debit memo,102.0,26-01-1948 23:59:00.000
65790309040129,Sales,companyID_0000,Standard PO,Products for Resale,4507004931,Purchase order,vendorID_0670,Standard,"3-way match, invoice before GR",NPR,sourceSystemID_0000,vendor_0645,False,40,4507004931_00040,True,NONE,NONE,Vendor creates debit memo,72.0,26-01-1948 23:59:00.000
65790309040128,Sales,companyID_0000,Standard PO,Products for Resale,4507004931,Purchase order,vendorID_0670,Standard,"3-way match, invoice before GR",NPR,sourceSystemID_0000,vendor_0645,False,40,4507004931_00040,True,NONE,NONE,Vendor creates invoice,72.0,26-01-1948 23:59:00.000
65786014072833,Sales,companyID_0000,Standard PO,Products for Resale,4507004931,Purchase order,vendorID_0670,Standard,"3-way match, invoice before GR",NPR,sourceSystemID_0000,vendor_0645,False,30,4507004931_00030,True,NONE,NONE,Vendor creates debit memo,1856.0,26-01-1948 23:59:00.000
65786014072832,Sales,companyID_0000,Standard PO,Products for Resale,4507004931,Purchase order,vendorID_0670,Standard,"3-way match, invoice before GR",NPR,sourceSystemID_0000,vendor_0645,False,30,4507004931_00030,True,NONE,NONE,Vendor creates invoice,1856.0,26-01-1948 23:59:00.000
65781719105537,Sales,companyID_0000,Standard PO,Products for Resale,4507004931,Purchase order,vendorID_0670,Standard,"3-way match, invoice before GR",NPR,sourceSystemID_0000,vendor_0645,False,20,4507004931_00020,True,NONE,NONE,Vendor creates debit memo,68.0,26-01-1948 23:59:00.000
194699457462272,Trading & End Products,companyID_0000,Standard PO,Trading products (old structure),4507014062,Purchase order,vendorID_0427,Standard,"3-way match, invoice before GR",PR,sourceSystemID_0000,vendor_0415,False,50,4507014062_00050,True,NONE,NONE,Vendor creates invoice,274.0,18-05-1993 23:59:00.000
194716637331456,Trading & End Products,companyID_0000,Standard PO,Trading products (old structure),4507014062,Purchase order,vendorID_0427,Standard,"3-way match, invoice before GR",PR,sourceSystemID_0000,vendor_0415,False,90,4507014062_00090,True,NONE,NONE,Vendor creates invoice,9978.0,18-05-1993 23:59:00.000
194712342364160,Trading & End Products,companyID_0000,Standard PO,Trading products (old structure),4507014062,Purchase order,vendorID_0427,Standard,"3-way match, invoice before GR",PR,sourceSystemID_0000,vendor_0415,False,80,4507014062_00080,True,NONE,NONE,Vendor creates invoice,2416.0,18-05-1993 23:59:00.000
194682277593088,Trading & End Products,companyID_0000,Standard PO,Trading products (old structure),4507014062,Purchase order,vendorID_0427,Standard,"3-way match, invoice before GR",PR,sourceSystemID_0000,vendor_0415,False,10,4507014062_00010,True,NONE,NONE,Vendor creates invoice,2032.0,18-05-1993 23:59:00.000
194686572560384,Trading & End Products,companyID_0000,Standard PO,Trading products (old structure),4507014062,Purchase order,vendorID_0427,Standard,"3-way match, invoice before GR",PR,sourceSystemID_0000,vendor_0415,False,20,4507014062_00020,True,NONE,NONE,Vendor creates invoice,9481.0,18-05-1993 23:59:00.000
194708047396864,Trading & End Products,companyID_0000,Standard PO,Trading products (old structure),4507014062,Purchase order,vendorID_0427,Standard,"3-way match, invoice before GR",PR,sourceSystemID_0000,vendor_0415,False,70,4507014062_00070,True,NONE,NONE,Vendor creates invoice,3466.0,18-05-1993 23:59:00.000
194690867527680,Trading & End Products,companyID_0000,Standard PO,Trading products (old structure),4507014062,Purchase order,vendorID_0427,Standard,"3-way match, invoice before GR",PR,sourceSystemID_0000,vendor_0415,False,30,4507014062_00030,True,NONE,NONE,Vendor creates invoice,2461.0,18-05-1993 23:59:00.000
194695162494976,Trading & End Products,companyID_0000,Standard PO,Trading products (old structure),4507014062,Purchase order,vendorID_0427,Standard,"3-way match, invoice before GR",PR,sourceSystemID_0000,vendor_0415,False,40,4507014062_00040,True,NONE,NONE,Vendor creates invoice,2938.0,18-05-1993 23:59:00.000
194703752429568,Trading & End Products,companyID_0000,Standard PO,Trading products (old structure),4507014062,Purchase order,vendorID_0427,Standard,"3-way match, invoice before GR",PR,sourceSystemID_0000,vendor_0415,False,60,4507014062_00060,True,NONE,NONE,Vendor creates invoice,1150.0,18-05-1993 23:59:00.000
6481105649664,Logistics,companyID_0000,Framework order,Road Packed,4507000647,Purchase order,vendorID_0307,Service,"3-way match, invoice after GR",NPR,sourceSystemID_0000,vendor_0298,True,10,4507000647_00010,True,NONE,NONE,Vendor creates debit memo,848704.0,23-01-2001 23:59:00.000
132396661866496,Additives,companyID_0000,Standard PO,Waxes,4507009522,Purchase order,vendorID_0336,Standard,"3-way match, invoice before GR",PR,sourceSystemID_0000,vendor_0327,False,10,4507009522_00010,True,NONE,NONE,Vendor creates debit memo,5265.0,19-02-2001 23:59:00.000
515396075520,Marketing,companyID_0000,EC Purchase order,Digital Marketing,2000000097,Purchase order,vendorID_0052,Service,"3-way match, invoice after GR",NPR,sourceSystemID_0000,vendor_0052,True,1,2000000097_00001,True,NONE,NONE,Vendor creates debit memo,11353.0,23-02-2001 23:59:00.000
190481799577600,Latex & Monomers,companyID_0000,Standard PO,Vinyl Acrylics,4507013723,Purchase order,vendorID_1281,Standard,"3-way match, invoice before GR",PR,sourceSystemID_0000,vendor_1224,False,10,4507013723_00010,True,NONE,NONE,Vendor creates debit memo,22239.0,05-04-2001 23:59:00.000
190481799577601,Latex & Monomers,companyID_0000,Standard PO,Vinyl Acrylics,4507013723,Purchase order,vendorID_1281,Standard,"3-way match, invoice before GR",PR,sourceSystemID_0000,vendor_1224,False,10,4507013723_00010,True,NONE,NONE,Vendor creates invoice,22239.0,05-04-2001 23:59:00.000
398439821082624,Logistics,companyID_0000,Framework order,Sea,4507027474,Purchase order,vendorID_1442,Service,"3-way match, invoice after GR",NPR,sourceSystemID_0000,vendor_1377,True,10,4507027474_00010,True,NONE,NONE,Vendor creates debit memo,372741.0,10-04-2001 23:59:00.000
177635552395265,,companyID_0000,Standard PO,,4507012794,Purchase order,vendorID_0175,Standard,"3-way match, invoice before GR",,sourceSystemID_0000,vendor_0173,False,10,4507012794_00010,True,NONE,NONE,Vendor creates debit memo,2545.0,12-04-2001 23:59:00.000
177635552395264,,companyID_0000,Standard PO,,4507012794,Purchase order,vendorID_0175,Standard,"3-way match, invoice before GR",,sourceSystemID_0000,vendor_0173,False,10,4507012794_00010,True,NONE,NONE,Vendor creates invoice,2545.0,12-04-2001 23:59:00.000
252801775042560,Packaging,companyID_0000,Standard PO,Metal Containers & Lids < 30L,4507018023,Purchase order,vendorID_0175,Standard,"3-way match, invoice before GR",PR,sourceSystemID_0000,vendor_0173,False,10,4507018023_00010,True,NONE,NONE,Vendor creates invoice,2517.0,12-04-2001 23:59:00.000
240045722173440,Packaging,companyID_0000,Standard PO,Metal Containers & Lids < 30L,4507017103,Purchase order,vendorID_0167,Standard,"3-way match, invoice before GR",PR,sourceSystemID_0000,vendor_0165,False,20,4507017103_00020,True,NONE,NONE,Vendor creates debit memo,3619.0,24-04-2001 23:59:00.000
240041427206144,Packaging,companyID_0000,Standard PO,Metal Containers & Lids < 30L,4507017103,Purchase order,vendorID_0167,Standard,"3-way match, invoice before GR",PR,sourceSystemID_0000,vendor_0165,False,10,4507017103_00010,True,NONE,NONE,Vendor creates debit memo,9648.0,24-04-2001 23:59:00.000
240050017140737,Packaging,companyID_0000,Standard PO,Metal Containers & Lids < 30L,4507017103,Purchase order,vendorID_0167,Standard,"3-way match, invoice before GR",PR,sourceSystemID_0000,vendor_0165,False,30,4507017103_00030,True,NONE,NONE,Vendor creates invoice,7498.0,24-04-2001 23:59:00.000
240050017140736,Packaging,companyID_0000,Standard PO,Metal Containers & Lids < 30L,4507017103,Purchase order,vendorID_0167,Standard,"3-way match, invoice before GR",PR,sourceSystemID_0000,vendor_0165,False,30,4507017103_00030,True,NONE,NONE,Vendor creates debit memo,7498.0,24-04-2001 23:59:00.000
240045722173441,Packaging,companyID_0000,Standard PO,Metal Containers & Lids < 30L,4507017103,Purchase order,vendorID_0167,Standard,"3-way match, invoice before GR",PR,sourceSystemID_0000,vendor_0165,False,20,4507017103_00020,True,NONE,NONE,Vendor creates invoice,3619.0,24-04-2001 23:59:00.000
240041427206145,Packaging,companyID_0000,Standard PO,Metal Containers & Lids < 30L,4507017103,Purchase order,vendorID_0167,Standard,"3-way match, invoice before GR",PR,sourceSystemID_0000,vendor_0165,False,10,4507017103_00010,True,NONE,NONE,Vendor creates invoice,9648.0,24-04-2001 23:59:00.000
188677913313280,Marketing,companyID_0000,EC Purchase order,Market Research,2000013555,Purchase order,vendorID_0089,Service,"3-way match, invoice after GR",NPR,sourceSystemID_0000,vendor_0089,True,1,2000013555_00001,True,NONE,NONE,Vendor creates invoice,15022.0,27-04-2001 23:59:00.000
466854355140608,Additives,companyID_0000,Standard PO,Rheology & Thixotropic Agents,4507032025,Purchase order,vendorID_0634,Standard,"3-way match, invoice before GR",PR,sourceSystemID_0000,vendor_0611,False,30,4507032025_00030,True,NONE,NONE,Vendor creates invoice,12096.0,08-06-2001 23:59:00.000
456786951798784,,companyID_0000,Standard PO,,4507031332,Purchase order,vendorID_0253,Standard,"3-way match, invoice before GR",,sourceSystemID_0000,vendor_0246,False,10,4507031332_00010,True,NONE,NONE,Vendor creates invoice,31169.0,14-06-2001 23:59:00.000
528414121394176,Packaging,companyID_0000,Standard PO,Plastic Containers & Lids < 30L,4507036538,Purchase order,vendorID_0284,Standard,"3-way match, invoice before GR",PR,sourceSystemID_0000,vendor_0276,False,20,4507036538_00020,True,NONE,NONE,Vendor creates debit memo,1505.0,15-06-2001 23:59:00.000
451005925818368,Additives,companyID_0000,Standard PO,Extenders,4507030967,Purchase order,vendorID_0315,Standard,"3-way match, invoice before GR",PR,sourceSystemID_0000,vendor_0306,False,10,4507030967_00010,True,NONE,NONE,Vendor creates debit memo,2796.0,30-06-2001 23:59:00.000
508841955426304,Trading & End Products,companyID_0000,Standard PO,Trading products (old structure),4507035116,Purchase order,vendorID_0269,Subcontracting,"3-way match, invoice before GR",PR,sourceSystemID_0000,vendor_0262,False,10,4507035116_00010,True,NONE,NONE,Vendor creates debit memo,7575.0,11-07-2001 23:59:00.000
508833365491712,Trading & End Products,companyID_0000,Standard PO,Trading products (old structure),4507035114,Purchase order,vendorID_0269,Subcontracting,"3-way match, invoice before GR",PR,sourceSystemID_0000,vendor_0262,False,10,4507035114_00010,True,NONE,NONE,Vendor creates debit memo,7575.0,16-07-2001 23:59:00.000
536368400826368,Sales,companyID_0000,Standard PO,Products for Resale,4507037128,Purchase order,vendorID_0236,Standard,"3-way match, invoice before GR",NPR,sourceSystemID_0000,vendor_0231,False,110,4507037128_00110,True,NONE,NONE,Vendor creates invoice,510.0,19-06-2008 23:59:00.000
536458595139584,Sales,companyID_0000,Standard PO,Products for Resale,4507037128,Purchase order,vendorID_0236,Standard,"3-way match, invoice before GR",NPR,sourceSystemID_0000,vendor_0231,False,320,4507037128_00320,True,NONE,NONE,Vendor creates invoice,676.0,19-06-2008 23:59:00.000
536454300172288,Sales,companyID_0000,Standard PO,Products for Resale,4507037128,Purchase order,vendorID_0236,Standard,"3-way match, invoice after GR",NPR,sourceSystemID_0000,vendor_0231,True,310,4507037128_00310,True,NONE,NONE,Vendor creates invoice,42.0,19-06-2008 23:59:00.000
536450005204992,Sales,companyID_0000,Standard PO,Products for Resale,4507037128,Purchase order,vendorID_0236,Standard,"3-way match, invoice before GR",NPR,sourceSystemID_0000,vendor_0231,False,300,4507037128_00300,True,NONE,NONE,Vendor creates invoice,48.0,19-06-2008 23:59:00.000
536445710237696,Sales,companyID_0000,Standard PO,Products for Resale,4507037128,Purchase order,vendorID_0236,Standard,"3-way match, invoice before GR",NPR,sourceSystemID_0000,vendor_0231,False,290,4507037128_00290,True,NONE,NONE,Vendor creates invoice,48.0,19-06-2008 23:59:00.000
536441415270400,Sales,companyID_0000,Standard PO,Products for Resale,4507037128,Purchase order,vendorID_0236,Standard,"3-way match, invoice before GR",NPR,sourceSystemID_0000,vendor_0231,False,280,4507037128_00280,True,NONE,NONE,Vendor creates invoice,24.0,19-06-2008 23:59:00.000
536437120303104,Sales,companyID_0000,Standard PO,Products for Resale,4507037128,Purchase order,vendorID_0236,Standard,"3-way match, invoice before GR",NPR,sourceSystemID_0000,vendor_0231,False,270,4507037128_00270,True,NONE,NONE,Vendor creates invoice,411.0,19-06-2008 23:59:00.000
536432825335808,Sales,companyID_0000,Standard PO,Products for Resale,4507037128,Purchase order,vendorID_0236,Standard,"3-way match, invoice before GR",NPR,sourceSystemID_0000,vendor_0231,False,260,4507037128_00260,True,NONE,NONE,Vendor creates invoice,214.0,19-06-2008 23:59:00.000
536428530368512,Sales,companyID_0000,Standard PO,Products for Resale,4507037128,Purchase order,vendorID_0236,Standard,"3-way match, invoice before GR",NPR,sourceSystemID_0000,vendor_0231,False,250,4507037128_00250,True,NONE,NONE,Vendor creates invoice,70.0,19-06-2008 23:59:00.000
536424235401216,Sales,companyID_0000,Standard PO,Products for Resale,4507037128,Purchase order,vendorID_0236,Standard,"3-way match, invoice before GR",NPR,sourceSystemID_0000,vendor_0231,False,240,4507037128_00240,True,NONE,NONE,Vendor creates invoice,91.0,19-06-2008 23:59:00.000
536419940433920,Sales,companyID_0000,Standard PO,Products for Resale,4507037128,Purchase order,vendorID_0236,Standard,"3-way match, invoice after GR",NPR,sourceSystemID_0000,vendor_0231,True,230,4507037128_00230,True,NONE,NONE,Vendor creates invoice,898.0,19-06-2008 23:59:00.000
536415645466624,Sales,companyID_0000,Standard PO,Products for Resale,4507037128,Purchase order,vendorID_0236,Standard,"3-way match, invoice after GR",NPR,sourceSystemID_0000,vendor_0231,True,220,4507037128_00220,True,NONE,NONE,Vendor creates invoice,60.0,19-06-2008 23:59:00.000
536411350499328,Sales,companyID_0000,Standard PO,Products for Resale,4507037128,Purchase order,vendorID_0236,Standard,"3-way match, invoice before GR",NPR,sourceSystemID_0000,vendor_0231,False,210,4507037128_00210,True,NONE,NONE,Vendor creates invoice,853.0,19-06-2008 23:59:00.000
536407055532032,Sales,companyID_0000,Standard PO,Products for Resale,4507037128,Purchase order,vendorID_0236,Standard,"3-way match, invoice before GR",NPR,sourceSystemID_0000,vendor_0231,False,200,4507037128_00200,True,NONE,NONE,Vendor creates invoice,853.0,19-06-2008 23:59:00.000
536402760564736,Sales,companyID_0000,Standard PO,Products for Resale,4507037128,Purchase order,vendorID_0236,Standard,"3-way match, invoice before GR",NPR,sourceSystemID_0000,vendor_0231,False,190,4507037128_00190,True,NONE,NONE,Vendor creates invoice,853.0,19-06-2008 23:59:00.000
536398465597440,Sales,companyID_0000,Standard PO,Products for Resale,4507037128,Purchase order,vendorID_0236,Standard,"3-way match, invoice after GR",NPR,sourceSystemID_0000,vendor_0231,True,180,4507037128_00180,True,NONE,NONE,Vendor creates invoice,161.0,19-06-2008 23:59:00.000
536394170630144,Sales,companyID_0000,Standard PO,Products for Resale,4507037128,Purchase order,vendorID_0236,Standard,"3-way match, invoice after GR",NPR,sourceSystemID_0000,vendor_0231,True,170,4507037128_00170,True,NONE,NONE,Vendor creates invoice,245.0,19-06-2008 23:59:00.000
536389875662848,Sales,companyID_0000,Standard PO,Products for Resale,4507037128,Purchase order,vendorID_0236,Standard,"3-way match, invoice after GR",NPR,sourceSystemID_0000,vendor_0231,True,160,4507037128_00160,True,NONE,NONE,Vendor creates invoice,245.0,19-06-2008 23:59:00.000
536385580695552,Sales,companyID_0000,Standard PO,Products for Resale,4507037128,Purchase order,vendorID_0236,Standard,"3-way match, invoice after GR",NPR,sourceSystemID_0000,vendor_0231,True,150,4507037128_00150,True,NONE,NONE,Vendor creates invoice,256.0,19-06-2008 23:59:00.000
536376990760960,Sales,companyID_0000,Standard PO,Products for Resale,4507037128,Purchase order,vendorID_0236,Standard,"3-way match, invoice after GR",NPR,sourceSystemID_0000,vendor_0231,True,130,4507037128_00130,True,NONE,NONE,Vendor creates invoice,174.0,19-06-2008 23:59:00.000
536372695793664,Sales,companyID_0000,Standard PO,Products for Resale,4507037128,Purchase order,vendorID_0236,Standard,"3-way match, invoice after GR",NPR,sourceSystemID_0000,vendor_0231,True,120,4507037128_00120,True,NONE,NONE,Vendor creates invoice,116.0,19-06-2008 23:59:00.000
536462890106880,Sales,companyID_0000,Standard PO,Products for Resale,4507037128,Purchase order,vendorID_0236,Standard,"3-way match, invoice before GR",NPR,sourceSystemID_0000,vendor_0231,False,330,4507037128_00330,True,NONE,NONE,Vendor creates invoice,646.0,19-06-2008 23:59:00.000
536364105859072,Sales,companyID_0000,Standard PO,Products for Resale,4507037128,Purchase order,vendorID_0236,Standard,"3-way match, invoice before GR",NPR,sourceSystemID_0000,vendor_0231,False,100,4507037128_00100,True,NONE,NONE,Vendor creates invoice,1122.0,19-06-2008 23:59:00.000
536359810891776,Sales,companyID_0000,Standard PO,Products for Resale,4507037128,Purchase order,vendorID_0236,Standard,"3-way match, invoice before GR",NPR,sourceSystemID_0000,vendor_0231,False,90,4507037128_00090,True,NONE,NONE,Vendor creates invoice,1530.0,19-06-2008 23:59:00.000
536355515924480,Sales,companyID_0000,Standard PO,Products for Resale,4507037128,Purchase order,vendorID_0236,Standard,"3-way match, invoice before GR",NPR,sourceSystemID_0000,vendor_0231,False,80,4507037128_00080,True,NONE,NONE,Vendor creates invoice,714.0,19-06-2008 23:59:00.000
536351220957184,Sales,companyID_0000,Standard PO,Products for Resale,4507037128,Purchase order,vendorID_0236,Standard,"3-way match, invoice before GR",NPR,sourceSystemID_0000,vendor_0231,False,70,4507037128_00070,True,NONE,NONE,Vendor creates invoice,113.0,19-06-2008 23:59:00.000
536346925989888,Sales,companyID_0000,Standard PO,Products for Resale,4507037128,Purchase order,vendorID_0236,Standard,"3-way match, invoice before GR",NPR,sourceSystemID_0000,vendor_0231,False,60,4507037128_00060,True,NONE,NONE,Vendor creates invoice,12.0,19-06-2008 23:59:00.000
536342631022592,Sales,companyID_0000,Standard PO,Products for Resale,4507037128,Purchase order,vendorID_0236,Standard,"3-way match, invoice before GR",NPR,sourceSystemID_0000,vendor_0231,False,50,4507037128_00050,True,NONE,NONE,Vendor creates invoice,39.0,19-06-2008 23:59:00.000
536338336055296,Sales,companyID_0000,Standard PO,Products for Resale,4507037128,Purchase order,vendorID_0236,Standard,"3-way match, invoice before GR",NPR,sourceSystemID_0000,vendor_0231,False,40,4507037128_00040,True,NONE,NONE,Vendor creates invoice,42.0,19-06-2008 23:59:00.000
536467185074176,Sales,companyID_0000,Standard PO,Products for Resale,4507037128,Purchase order,vendorID_0236,Standard,"3-way match, invoice before GR",NPR,sourceSystemID_0000,vendor_0231,False,340,4507037128_00340,True,NONE,NONE,Vendor creates invoice,196.0,19-06-2008 23:59:00.000
536471480041472,Sales,companyID_0000,Standard PO,Products for Resale,4507037128,Purchase order,vendorID_0236,Standard,"3-way match, invoice before GR",NPR,sourceSystemID_0000,vendor_0231,False,350,4507037128_00350,True,NONE,NONE,Vendor creates invoice,196.0,19-06-2008 23:59:00.000
536480069976064,Sales,companyID_0000,Standard PO,Products for Resale,4507037128,Purchase order,vendorID_0236,Standard,"3-way match, invoice before GR",NPR,sourceSystemID_0000,vendor_0231,False,370,4507037128_00370,True,NONE,NONE,Vendor creates invoice,325.0,19-06-2008 23:59:00.000
536484364943360,Sales,companyID_0000,Standard PO,Products for Resale,4507037128,Purchase order,vendorID_0236,Standard,"3-way match, invoice before GR",NPR,sourceSystemID_0000,vendor_0231,False,380,4507037128_00380,True,NONE,NONE,Vendor creates invoice,612.0,19-06-2008 23:59:00.000
536488659910656,Sales,companyID_0000,Standard PO,Products for Resale,4507037128,Purchase order,vendorID_0236,Standard,"3-way match, invoice before GR",NPR,sourceSystemID_0000,vendor_0231,False,390,4507037128_00390,True,NONE,NONE,Vendor creates invoice,25.0,19-06-2008 23:59:00.000
536492954877952,Sales,companyID_0000,Standard PO,Products for Resale,4507037128,Purchase order,vendorID_0236,Standard,"3-way match, invoice before GR",NPR,sourceSystemID_0000,vendor_0231,False,400,4507037128_00400,True,NONE,NONE,Vendor creates invoice,46.0,19-06-2008 23:59:00.000
536497249845248,Sales,companyID_0000,Standard PO,Products for Resale,4507037128,Purchase order,vendorID_0236,Standard,"3-way match, invoice before GR",NPR,sourceSystemID_0000,vendor_0231,False,410,4507037128_00410,True,NONE,NONE,Vendor creates invoice,205.0,19-06-2008 23:59:00.000
536334041088000,Sales,companyID_0000,Standard PO,Products for Resale,4507037128,Purchase order,vendorID_0236,Standard,"3-way match, invoice before GR",NPR,sourceSystemID_0000,vendor_0231,False,30,4507037128_00030,True,NONE,NONE,Vendor creates invoice,49.0,19-06-2008 23:59:00.000
536501544812544,Sales,companyID_0000,Standard PO,Products for Resale,4507037128,Purchase order,vendorID_0236,Standard,"3-way match, invoice before GR",NPR,sourceSystemID_0000,vendor_0231,False,420,4507037128_00420,True,NONE,NONE,Vendor creates invoice,85.0,19-06-2008 23:59:00.000
536329746120704,Sales,companyID_0000,Standard PO,Products for Resale,4507037128,Purchase order,vendorID_0236,Standard,"3-way match, invoice before GR",NPR,sourceSystemID_0000,vendor_0231,False,20,4507037128_00020,True,NONE,NONE,Vendor creates invoice,2717.0,19-06-2008 23:59:00.000
536325451153408,Sales,companyID_0000,Standard PO,Products for Resale,4507037128,Purchase order,vendorID_0236,Standard,"3-way match, invoice before GR",NPR,sourceSystemID_0000,vendor_0231,False,10,4507037128_00010,True,NONE,NONE,Vendor creates invoice,100.0,19-06-2008 23:59:00.000
536505839779840,Sales,companyID_0000,Standard PO,Products for Resale,4507037128,Purchase order,vendorID_0236,Standard,"3-way match, invoice before GR",NPR,sourceSystemID_0000,vendor_0231,False,430,4507037128_00430,True,NONE,NONE,Vendor creates invoice,48.0,19-06-2008 23:59:00.000
536510134747136,Sales,companyID_0000,Standard PO,Products for Resale,4507037128,Purchase order,vendorID_0236,Standard,"3-way match, invoice before GR",NPR,sourceSystemID_0000,vendor_0231,False,440,4507037128_00440,True,NONE,NONE,Vendor creates invoice,36.0,19-06-2008 23:59:00.000
536514429714432,Sales,companyID_0000,Standard PO,Products for Resale,4507037128,Purchase order,vendorID_0236,Standard,"3-way match, invoice after GR",NPR,sourceSystemID_0000,vendor_0231,True,450,4507037128_00450,True,NONE,NONE,Vendor creates invoice,8.0,19-06-2008 23:59:00.000
536518724681728,Sales,companyID_0000,Standard PO,Products for Resale,4507037128,Purchase order,vendorID_0236,Standard,"3-way match, invoice after GR",NPR,sourceSystemID_0000,vendor_0231,True,460,4507037128_00460,True,NONE,NONE,Vendor creates invoice,29.0,19-06-2008 23:59:00.000
536523019649024,Sales,companyID_0000,Standard PO,Products for Resale,4507037128,Purchase order,vendorID_0236,Standard,"3-way match, invoice after GR",NPR,sourceSystemID_0000,vendor_0231,True,470,4507037128_00470,True,NONE,NONE,Vendor creates invoice,79.0,19-06-2008 23:59:00.000
143185619714048,Sales,companyID_0000,Standard PO,Products for Resale,4507010301,Purchase order,vendorID_0386,Standard,"3-way match, invoice before GR",NPR,sourceSystemID_0000,vendor_0375,False,10,4507010301_00010,True,NONE,NONE,Vendor creates invoice,5114.0,08-03-2015 23:59:00.000
52458730553344,CAPEX & SOCS,companyID_0000,Framework order,MRO (components),4507003966,Purchase order,vendorID_0886,Service,"3-way match, invoice after GR",NPR,sourceSystemID_0000,vendor_0846,True,10,4507003966_00010,True,NONE,NONE,Vendor creates invoice,5322.0,30-11-2015 23:59:00.000
52458730553345,CAPEX & SOCS,companyID_0000,Framework order,MRO (components),4507003966,Purchase order,vendorID_0886,Service,"3-way match, invoice after GR",NPR,sourceSystemID_0000,vendor_0846,True,10,4507003966_00010,True,NONE,NONE,Vendor creates invoice,5322.0,31-12-2015 23:59:00.000
52458730553346,CAPEX & SOCS,companyID_0000,Framework order,MRO (components),4507003966,Purchase order,vendorID_0886,Service,"3-way match, invoice after GR",NPR,sourceSystemID_0000,vendor_0846,True,10,4507003966_00010,True,NONE,NONE,Vendor creates invoice,5322.0,30-01-2016 23:59:00.000
52458730553347,CAPEX & SOCS,companyID_0000,Framework order,MRO (components),4507003966,Purchase order,vendorID_0886,Service,"3-way match, invoice after GR",NPR,sourceSystemID_0000,vendor_0846,True,10,4507003966_00010,True,NONE,NONE,Vendor creates invoice,5322.0,29-02-2016 23:59:00.000
77498389889024,Sales,companyID_0000,Standard PO,Color Collateral,4507005725,Purchase order,vendorID_0789,Standard,"3-way match, invoice before GR",NPR,sourceSystemID_0000,vendor_0751,False,10,4507005725_00010,True,NONE,NONE,Vendor creates invoice,20386.0,04-04-2016 23:59:00.000
52458730553348,CAPEX & SOCS,companyID_0000,Framework order,MRO (components),4507003966,Purchase order,vendorID_0886,Service,"3-way match, invoice after GR",NPR,sourceSystemID_0000,vendor_0846,True,10,4507003966_00010,True,NONE,NONE,Vendor creates invoice,5322.0,30-04-2016 23:59:00.000
575525617664,Enterprise Services,companyID_0000,EC Purchase order,Consulting,2000000109,Purchase order,vendorID_0059,Service,"3-way match, invoice after GR",NPR,sourceSystemID_0000,vendor_0059,True,1,2000000109_00001,True,NONE,NONE,Vendor creates invoice,34145.0,02-05-2016 23:59:00.000
52458730553349,CAPEX & SOCS,companyID_0000,Framework order,MRO (components),4507003966,Purchase order,vendorID_0886,Service,"3-way match, invoice after GR",NPR,sourceSystemID_0000,vendor_0846,True,10,4507003966_00010,True,NONE,NONE,Vendor creates invoice,5322.0,30-11-2016 23:59:00.000
8358006358016,Sales,companyID_0000,Standard PO,Products for Resale,4507000846,Purchase order,vendorID_0108,Standard,"3-way match, invoice before GR",NPR,sourceSystemID_0000,vendor_0108,False,130,4507000846_00130,True,NONE,NONE,Vendor creates invoice,162.0,05-01-2017 23:59:00.000
8306466750464,Sales,companyID_0000,Standard PO,Products for Resale,4507000846,Purchase order,vendorID_0108,Standard,"3-way match, invoice before GR",NPR,sourceSystemID_0000,vendor_0108,False,10,4507000846_00010,True,NONE,NONE,Vendor creates invoice,201.0,05-01-2017 23:59:00.000
8310761717760,Sales,companyID_0000,Standard PO,Products for Resale,4507000846,Purchase order,vendorID_0108,Standard,"3-way match, invoice before GR",NPR,sourceSystemID_0000,vendor_0108,False,20,4507000846_00020,True,NONE,NONE,Vendor creates invoice,371.0,05-01-2017 23:59:00.000
8315056685056,Sales,companyID_0000,Standard PO,Products for Resale,4507000846,Purchase order,vendorID_0108,Standard,"3-way match, invoice before GR",NPR,sourceSystemID_0000,vendor_0108,False,30,4507000846_00030,True,NONE,NONE,Vendor creates invoice,449.0,05-01-2017 23:59:00.000
8319351652352,Sales,companyID_0000,Standard PO,Products for Resale,4507000846,Purchase order,vendorID_0108,Standard,"3-way match, invoice before GR",NPR,sourceSystemID_0000,vendor_0108,False,40,4507000846_00040,True,NONE,NONE,Vendor creates invoice,65.0,05-01-2017 23:59:00.000
8327941586944,Sales,companyID_0000,Standard PO,Products for Resale,4507000846,Purchase order,vendorID_0108,Standard,"3-way match, invoice before GR",NPR,sourceSystemID_0000,vendor_0108,False,60,4507000846_00060,True,NONE,NONE,Vendor creates invoice,69.0,05-01-2017 23:59:00.000
8336531521536,Sales,companyID_0000,Standard PO,Products for Resale,4507000846,Purchase order,vendorID_0108,Standard,"3-way match, invoice before GR",NPR,sourceSystemID_0000,vendor_0108,False,80,4507000846_00080,True,NONE,NONE,Vendor creates invoice,499.0,05-01-2017 23:59:00.000
8340826488832,Sales,companyID_0000,Standard PO,Products for Resale,4507000846,Purchase order,vendorID_0108,Standard,"3-way match, invoice before GR",NPR,sourceSystemID_0000,vendor_0108,False,90,4507000846_00090,True,NONE,NONE,Vendor creates invoice,520.0,05-01-2017 23:59:00.000
8345121456128,Sales,companyID_0000,Standard PO,Products for Resale,4507000846,Purchase order,vendorID_0108,Standard,"3-way match, invoice before GR",NPR,sourceSystemID_0000,vendor_0108,False,100,4507000846_00100,True,NONE,NONE,Vendor creates invoice,117.0,05-01-2017 23:59:00.000
8349416423424,Sales,companyID_0000,Standard PO,Products for Resale,4507000846,Purchase order,vendorID_0108,Standard,"3-way match, invoice before GR",NPR,sourceSystemID_0000,vendor_0108,False,110,4507000846_00110,True,NONE,NONE,Vendor creates invoice,98.0,05-01-2017 23:59:00.000
8353711390720,Sales,companyID_0000,Standard PO,Products for Resale,4507000846,Purchase order,vendorID_0108,Standard,"3-way match, invoice before GR",NPR,sourceSystemID_0000,vendor_0108,False,120,4507000846_00120,True,NONE,NONE,Vendor creates invoice,74.0,05-01-2017 23:59:00.000
1078410453450752,Real Estate,companyID_0003,Framework order,Real estate brokers or agents,4508076155,Purchase order,vendorID_1864,Limit,2-way match,NPR,sourceSystemID_0000,vendor_1788,False,10,4508076155_00010,False,NONE,NONE,Vendor creates invoice,1887.0,25-01-2017 23:59:00.000
536870912000,Marketing,companyID_0000,EC Purchase order,Digital Marketing,2000000100,Purchase order,vendorID_0053,Service,"3-way match, invoice after GR",NPR,sourceSystemID_0000,vendor_0053,True,1,2000000100_00001,True,NONE,NONE,Vendor creates invoice,7815013.0,31-01-2017 23:59:00.000
170548856356864,Logistics,companyID_0000,Standard PO,Sea,4507012263,Purchase order,vendorID_0548,Subcontracting,"3-way match, invoice before GR",NPR,sourceSystemID_0000,vendor_0532,False,10,4507012263_00010,True,user_329,user_329,Create Purchase Requisition Item,0.0,04-02-2017 00:00:00.000
357629041836032,Logistics,companyID_0000,Standard PO,Sea,4507024629,Purchase order,vendorID_0548,Subcontracting,"3-way match, invoice before GR",NPR,sourceSystemID_0000,vendor_0532,False,10,4507024629_00010,True,user_329,user_329,Create Purchase Requisition Item,0.0,04-02-2017 00:00:00.000
132040179580928,Logistics,companyID_0000,Standard PO,Other Logistics Services,4507009482,Purchase order,vendorID_0467,Service,"3-way match, invoice after GR",NPR,sourceSystemID_0000,vendor_0452,True,10,4507009482_00010,True,NONE,NONE,Vendor creates invoice,10409.0,28-02-2017 23:59:00.000
1077023179014144,Others,companyID_0003,Framework order,Government payments,4507075976,Purchase order,vendorID_1698,Limit,2-way match,OTHER,sourceSystemID_0000,vendor_1622,False,10,4507075976_00010,False,NONE,NONE,Vendor creates invoice,14443.0,01-03-2017 23:59:00.000
1000727379968,CAPEX & SOCS,companyID_0000,EC Purchase order,Laboratory Supplies & Services,2000000157,Purchase order,vendorID_0081,Standard,"3-way match, invoice before GR",NPR,sourceSystemID_0000,vendor_0081,False,1,2000000157_00001,True,NONE,NONE,Vendor creates debit memo,987.0,13-03-2017 23:59:00.000
1000727379969,CAPEX & SOCS,companyID_0000,EC Purchase order,Laboratory Supplies & Services,2000000157,Purchase order,vendorID_0081,Standard,"3-way match, invoice before GR",NPR,sourceSystemID_0000,vendor_0081,False,1,2000000157_00001,True,NONE,NONE,Vendor creates invoice,987.0,13-03-2017 23:59:00.000
132040179580929,Logistics,companyID_0000,Standard PO,Other Logistics Services,4507009482,Purchase order,vendorID_0467,Service,"3-way match, invoice after GR",NPR,sourceSystemID_0000,vendor_0452,True,10,4507009482_00010,True,NONE,NONE,Vendor creates invoice,10409.0,31-03-2017 23:59:00.000
295352016044032,Sales,companyID_0000,Standard PO,Products for Resale,4507020620,Purchase order,vendorID_0270,Standard,"3-way match, invoice before GR",NPR,sourceSystemID_0000,vendor_0263,False,50,4507020620_00050,True,NONE,NONE,Vendor creates invoice,4689.0,18-04-2017 23:59:00.000
295343426109440,Sales,companyID_0000,Standard PO,Products for Resale,4507020620,Purchase order,vendorID_0270,Standard,"3-way match, invoice before GR",NPR,sourceSystemID_0000,vendor_0263,False,30,4507020620_00030,True,NONE,NONE,Vendor creates invoice,442.0,18-04-2017 23:59:00.000
295334836174848,Sales,companyID_0000,Standard PO,Products for Resale,4507020620,Purchase order,vendorID_0270,Standard,"3-way match, invoice before GR",NPR,sourceSystemID_0000,vendor_0263,False,10,4507020620_00010,True,NONE,NONE,Vendor creates invoice,476.0,18-04-2017 23:59:00.000
295339131142144,Sales,companyID_0000,Standard PO,Products for Resale,4507020620,Purchase order,vendorID_0270,Standard,"3-way match, invoice before GR",NPR,sourceSystemID_0000,vendor_0263,False,20,4507020620_00020,True,NONE,NONE,Vendor creates invoice,1426.0,18-04-2017 23:59:00.000
295356311011328,Sales,companyID_0000,Standard PO,Products for Resale,4507020620,Purchase order,vendorID_0270,Standard,"3-way match, invoice before GR",NPR,sourceSystemID_0000,vendor_0263,False,60,4507020620_00060,True,NONE,NONE,Vendor creates invoice,8002.0,18-04-2017 23:59:00.000
295347721076736,Sales,companyID_0000,Standard PO,Products for Resale,4507020620,Purchase order,vendorID_0270,Standard,"3-way match, invoice before GR",NPR,sourceSystemID_0000,vendor_0263,False,40,4507020620_00040,True,NONE,NONE,Vendor creates invoice,4572.0,18-04-2017 23:59:00.000
295364900945920,Sales,companyID_0000,Standard PO,Products for Resale,4507020620,Purchase order,vendorID_0270,Standard,"3-way match, invoice before GR",NPR,sourceSystemID_0000,vendor_0263,False,80,4507020620_00080,True,NONE,NONE,Vendor creates invoice,12720.0,18-04-2017 23:59:00.000
1005022347265,CAPEX & SOCS,companyID_0000,EC Purchase order,Laboratory Supplies & Services,2000000157,Purchase order,vendorID_0081,Standard,"3-way match, invoice before GR",NPR,sourceSystemID_0000,vendor_0081,False,2,2000000157_00002,True,NONE,NONE,Vendor creates debit memo,987.0,27-04-2017 23:59:00.000
1005022347264,CAPEX & SOCS,companyID_0000,EC Purchase order,Laboratory Supplies & Services,2000000157,Purchase order,vendorID_0081,Standard,"3-way match, invoice before GR",NPR,sourceSystemID_0000,vendor_0081,False,2,2000000157_00002,True,NONE,NONE,Vendor creates invoice,987.0,27-04-2017 23:59:00.000
20671677595648,,companyID_0000,Standard PO,,4507001695,Purchase order,vendorID_0251,Standard,"3-way match, invoice before GR",,sourceSystemID_0000,vendor_0062,False,10,4507001695_00010,True,NONE,NONE,Vendor creates invoice,13946.0,09-05-2017 23:59:00.000
1009317314560,CAPEX & SOCS,companyID_0000,EC Purchase order,Laboratory Supplies & Services,2000000157,Purchase order,vendorID_0081,Standard,"3-way match, invoice before GR",NPR,sourceSystemID_0000,vendor_0081,False,3,2000000157_00003,True,NONE,NONE,Vendor creates debit memo,997.0,11-05-2017 23:59:00.000
1009317314561,CAPEX & SOCS,companyID_0000,EC Purchase order,Laboratory Supplies & Services,2000000157,Purchase order,vendorID_0081,Standard,"3-way match, invoice before GR",NPR,sourceSystemID_0000,vendor_0081,False,3,2000000157_00003,True,NONE,NONE,Vendor creates invoice,997.0,11-05-2017 23:59:00.000
536870912001,Marketing,companyID_0000,EC Purchase order,Digital Marketing,2000000100,Purchase order,vendorID_0053,Service,"3-way match, invoice after GR",NPR,sourceSystemID_0000,vendor_0053,True,1,2000000100_00001,True,NONE,NONE,Vendor creates invoice,7815013.0,25-05-2017 23:59:00.000
132040179580930,Logistics,companyID_0000,Standard PO,Other Logistics Services,4507009482,Purchase order,vendorID_0467,Service,"3-way match, invoice after GR",NPR,sourceSystemID_0000,vendor_0452,True,10,4507009482_00010,True,NONE,NONE,Vendor creates invoice,10409.0,28-05-2017 23:59:00.000
132040179580931,Logistics,companyID_0000,Standard PO,Other Logistics Services,4507009482,Purchase order,vendorID_0467,Service,"3-way match, invoice after GR",NPR,sourceSystemID_0000,vendor_0452,True,10,4507009482_00010,True,NONE,NONE,Vendor creates invoice,10409.0,31-05-2017 23:59:00.000
11819749998592,Logistics,companyID_0000,Framework order,Other Logistics Services,4507001097,Purchase order,vendorID_0467,Service,"3-way match, invoice after GR",NPR,sourceSystemID_0000,vendor_0452,True,10,4507001097_00010,True,NONE,NONE,Vendor creates invoice,43301.0,31-05-2017 23:59:00.000
1013612281856,CAPEX & SOCS,companyID_0000,EC Purchase order,Laboratory Supplies & Services,2000000157,Purchase order,vendorID_0081,Standard,"3-way match, invoice before GR",NPR,sourceSystemID_0000,vendor_0081,False,4,2000000157_00004,True,NONE,NONE,Vendor creates invoice,997.0,05-06-2017 23:59:00.000
188123862532096,Enterprise Services,companyID_0000,EC Purchase order,ICT Software,2000013464,Purchase order,vendorID_1230,Service,"3-way match, invoice after GR",NPR,sourceSystemID_0000,vendor_1174,True,1,2000013464_00001,True,NONE,NONE,Vendor creates invoice,434.0,21-06-2017 23:59:00.000
132040179580932,Logistics,companyID_0000,Standard PO,Other Logistics Services,4507009482,Purchase order,vendorID_0467,Service,"3-way match, invoice after GR",NPR,sourceSystemID_0000,vendor_0452,True,10,4507009482_00010,True,NONE,NONE,Vendor creates invoice,10409.0,30-06-2017 23:59:00.000
296906794205184,Logistics,companyID_0000,Framework order,Express,4507020761,Purchase order,vendorID_1384,Service,"3-way match, invoice after GR",NPR,sourceSystemID_0000,vendor_1321,True,10,4507020761_00010,True,NONE,NONE,Vendor creates invoice,8660.0,17-07-2017 23:59:00.000
11819749998593,Logistics,companyID_0000,Framework order,Other Logistics Services,4507001097,Purchase order,vendorID_0467,Service,"3-way match, invoice after GR",NPR,sourceSystemID_0000,vendor_0452,True,10,4507001097_00010,True,NONE,NONE,Vendor creates invoice,43301.0,30-07-2017 23:59:00.000
132040179580933,Logistics,companyID_0000,Standard PO,Other Logistics Services,4507009482,Purchase order,vendorID_0467,Service,"3-way match, invoice after GR",NPR,sourceSystemID_0000,vendor_0452,True,10,4507009482_00010,True,NONE,NONE,Vendor creates invoice,10409.0,31-07-2017 23:59:00.000
296906794205185,Logistics,companyID_0000,Framework order,Express,4507020761,Purchase order,vendorID_1384,Service,"3-way match, invoice after GR",NPR,sourceSystemID_0000,vendor_1321,True,10,4507020761_00010,True,NONE,NONE,Vendor creates invoice,8660.0,14-08-2017 23:59:00.000
601553119477760,Additives,companyID_0000,Standard PO,Driers & Antiskinning Agents,4507041896,Purchase order,vendorID_0616,Standard,"3-way match, invoice before GR",PR,sourceSystemID_0000,vendor_0143,False,10,4507041896_00010,True,NONE,NONE,Vendor creates invoice,67342.0,18-08-2017 23:59:00.000
1076932984700928,Real Estate,companyID_0003,Framework order,Real Estate - To Be Approved,4507075969,Purchase order,vendorID_1691,Limit,2-way match,NPR,sourceSystemID_0000,vendor_1615,False,20,4507075969_00020,False,NONE,NONE,Vendor creates invoice,694.0,18-08-2017 23:59:00.000
132040179580934,Logistics,companyID_0000,Standard PO,Other Logistics Services,4507009482,Purchase order,vendorID_0467,Service,"3-way match, invoice after GR",NPR,sourceSystemID_0000,vendor_0452,True,10,4507009482_00010,True,NONE,NONE,Vendor creates invoice,10409.0,31-08-2017 23:59:00.000
129098126983168,Logistics,companyID_0000,Standard PO,Road Packed,4507009254,Purchase order,vendorID_0538,Service,"3-way match, invoice after GR",NPR,sourceSystemID_0000,vendor_0522,True,10,4507009254_00010,True,NONE,NONE,Vendor creates invoice,7811.0,31-08-2017 23:59:00.000
11819749998594,Logistics,companyID_0000,Framework order,Other Logistics Services,4507001097,Purchase order,vendorID_0467,Service,"3-way match, invoice after GR",NPR,sourceSystemID_0000,vendor_0452,True,10,4507001097_00010,True,NONE,NONE,Vendor creates invoice,43301.0,31-08-2017 23:59:00.000
455266533376,CAPEX & SOCS,companyID_0000,EC Purchase order,Laboratory Supplies & Services,2000000084,Purchase order,vendorID_0046,Standard,"3-way match, invoice before GR",NPR,sourceSystemID_0000,vendor_0046,False,1,2000000084_00001,True,NONE,NONE,Vendor creates invoice,418.0,31-08-2017 23:59:00.000
1078419043385344,Real Estate,companyID_0003,Framework order,Real estate brokers or agents,4508076155,Purchase order,vendorID_1864,Limit,2-way match,NPR,sourceSystemID_0000,vendor_1788,False,30,4508076155_00030,False,NONE,NONE,Vendor creates invoice,1887.0,08-09-2017 23:59:00.000
4084513898496,Logistics,companyID_0000,Framework order,Road Packed,4507000440,Purchase order,vendorID_0207,Service,"3-way match, invoice after GR",NPR,sourceSystemID_0000,vendor_0203,True,10,4507000440_00010,True,NONE,NONE,Vendor creates invoice,529589.0,21-09-2017 23:59:00.000
1077018884046848,Enterprise Services,companyID_0003,Framework order,Insurances,4507075975,Purchase order,vendorID_1697,Limit,2-way match,NPR,sourceSystemID_0000,vendor_1621,False,20,4507075975_00020,False,NONE,NONE,Vendor creates invoice,1314.0,25-09-2017 23:59:00.000
4191888080896,Logistics,companyID_0000,Framework order,Sea,4507000454,Purchase order,vendorID_0218,Service,"3-way match, invoice after GR",NPR,sourceSystemID_0000,vendor_0214,True,10,4507000454_00010,True,NONE,NONE,Vendor creates invoice,308997.0,28-09-2017 23:59:00.000
4191888080897,Logistics,companyID_0000,Framework order,Sea,4507000454,Purchase order,vendorID_0218,Service,"3-way match, invoice after GR",NPR,sourceSystemID_0000,vendor_0214,True,10,4507000454_00010,True,NONE,NONE,Vendor creates debit memo,308997.0,28-09-2017 23:59:00.000
129098126983169,Logistics,companyID_0000,Standard PO,Road Packed,4507009254,Purchase order,vendorID_0538,Service,"3-way match, invoice after GR",NPR,sourceSystemID_0000,vendor_0522,True,10,4507009254_00010,True,NONE,NONE,Vendor creates invoice,7811.0,29-09-2017 23:59:00.000
129093832015872,Logistics,companyID_0000,Standard PO,Road Packed,4507009253,Purchase order,vendorID_0538,Service,"3-way match, invoice after GR",NPR,sourceSystemID_0000,vendor_0522,True,10,4507009253_00010,True,NONE,NONE,Vendor creates invoice,34641.0,29-09-2017 23:59:00.000
398439821082625,Logistics,companyID_0000,Framework order,Sea,4507027474,Purchase order,vendorID_1442,Service,"3-way match, invoice after GR",NPR,sourceSystemID_0000,vendor_1377,True,10,4507027474_00010,True,NONE,NONE,Vendor creates invoice,372741.0,10-10-2017 23:59:00.000
4007204487168,Logistics,companyID_0000,Framework order,Sea,4507000430,Purchase order,vendorID_0201,Service,"3-way match, invoice after GR",NPR,sourceSystemID_0000,vendor_0198,True,10,4507000430_00010,True,NONE,NONE,Vendor creates invoice,3348498.0,11-10-2017 23:59:00.000
49748606189568,Others,companyID_0000,Standard PO,Packaging,4507003733,Purchase order,vendorID_0354,Standard,"3-way match, invoice before GR",OTHER,sourceSystemID_0000,vendor_0345,False,10,4507003733_00010,True,NONE,NONE,Vendor creates invoice,658.0,19-10-2017 23:59:00.000
9191230013440,Logistics,companyID_0000,Framework order,Road Packed,4507000879,Purchase order,vendorID_0388,Service,"3-way match, invoice after GR",NPR,sourceSystemID_0000,vendor_0377,True,110,4507000879_00110,True,NONE,NONE,Vendor creates invoice,879504.0,23-10-2017 23:59:00.000
4196183048192,Logistics,companyID_0000,Framework order,Road Packed,4507000455,Purchase order,vendorID_0219,Service,"3-way match, invoice after GR",NPR,sourceSystemID_0000,vendor_0215,True,10,4507000455_00010,True,NONE,NONE,Vendor creates invoice,12353.0,23-10-2017 23:59:00.000
24880745545728,Logistics,companyID_0000,Framework order,Road Packed,4507001973,Purchase order,vendorID_0388,Service,"3-way match, invoice after GR",NPR,sourceSystemID_0000,vendor_0377,True,10,4507001973_00010,True,NONE,NONE,Vendor creates invoice,2868968.0,26-10-2017 23:59:00.000
132040179580935,Logistics,companyID_0000,Standard PO,Other Logistics Services,4507009482,Purchase order,vendorID_0467,Service,"3-way match, invoice after GR",NPR,sourceSystemID_0000,vendor_0452,True,10,4507009482_00010,True,NONE,NONE,Vendor creates invoice,10409.0,31-10-2017 23:59:00.000
129093832015873,Logistics,companyID_0000,Standard PO,Road Packed,4507009253,Purchase order,vendorID_0538,Service,"3-way match, invoice after GR",NPR,sourceSystemID_0000,vendor_0522,True,10,4507009253_00010,True,NONE,NONE,Vendor creates invoice,34641.0,31-10-2017 23:59:00.000
1076941574635520,Real Estate,companyID_0003,Framework order,Real Estate - To Be Approved,4507075969,Purchase order,vendorID_1691,Limit,2-way match,NPR,sourceSystemID_0000,vendor_1615,False,40,4507075969_00040,False,NONE,NONE,Vendor creates invoice,719.0,02-11-2017 23:59:00.000
129261335740416,Logistics,companyID_0000,Standard PO,Other Logistics Services,4507009272,Purchase order,vendorID_0328,Standard,"3-way match, invoice before GR",NPR,sourceSystemID_0000,vendor_0319,False,10,4507009272_00010,True,NONE,NONE,Vendor creates invoice,3540.0,03-11-2017 23:59:00.000
4161823309824,Logistics,companyID_0000,Framework order,Road Packed,4507000449,Purchase order,vendorID_0213,Service,"3-way match, invoice after GR",NPR,sourceSystemID_0000,vendor_0209,True,80,4507000449_00080,True,NONE,NONE,Vendor creates invoice,683.0,03-11-2017 23:59:00.000
398439821082626,Logistics,companyID_0000,Framework order,Sea,4507027474,Purchase order,vendorID_1442,Service,"3-way match, invoice after GR",NPR,sourceSystemID_0000,vendor_1377,True,10,4507027474_00010,True,NONE,NONE,Vendor creates invoice,372741.0,07-11-2017 23:59:00.000
398439821082627,Logistics,companyID_0000,Framework order,Sea,4507027474,Purchase order,vendorID_1442,Service,"3-way match, invoice after GR",NPR,sourceSystemID_0000,vendor_1377,True,10,4507027474_00010,True,NONE,NONE,Vendor creates debit memo,372741.0,07-11-2017 23:59:00.000
5330054414336,Sales,companyID_0000,Standard PO,Products for Resale,4507000540,Purchase order,vendorID_0254,Standard,"3-way match, invoice before GR",NPR,sourceSystemID_0000,vendor_0247,False,10,4507000540_00010,True,NONE,NONE,Vendor creates invoice,543.0,07-11-2017 23:59:00.000
9191230013441,Logistics,companyID_0000,Framework order,Road Packed,4507000879,Purchase order,vendorID_0388,Service,"3-way match, invoice after GR",NPR,sourceSystemID_0000,vendor_0377,True,110,4507000879_00110,True,NONE,NONE,Vendor creates invoice,879504.0,08-11-2017 23:59:00.000
1076817020583936,Real Estate,companyID_0003,Framework order,Real estate brokers or agents,4507075965,Purchase order,vendorID_1687,Limit,2-way match,NPR,sourceSystemID_0000,vendor_1611,False,250,4507075965_00250,False,NONE,NONE,Vendor creates invoice,1901.0,13-11-2017 23:59:00.000
56633438765056,Others,companyID_0000,Standard PO,Packaging,4507004220,Purchase order,vendorID_0274,Standard,"3-way match, invoice before GR",OTHER,sourceSystemID_0000,vendor_0266,False,10,4507004220_00010,True,NONE,NONE,Vendor creates invoice,961.0,16-11-2017 23:59:00.000
56637733732352,Others,companyID_0000,Standard PO,Packaging,4507004220,Purchase order,vendorID_0274,Standard,"3-way match, invoice before GR",OTHER,sourceSystemID_0000,vendor_0266,False,20,4507004220_00020,True,NONE,NONE,Vendor creates invoice,216.0,16-11-2017 23:59:00.000
296881024401408,Packaging,companyID_0000,Standard PO,Paperboard,4507020759,Purchase order,vendorID_0820,Standard,"3-way match, invoice before GR",PR,sourceSystemID_0000,vendor_0780,False,10,4507020759_00010,True,NONE,NONE,Vendor creates invoice,3132.0,16-11-2017 23:59:00.000
30683246362624,CAPEX & SOCS,companyID_0000,Standard PO,Transport & Hoisting Equipment,4507002377,Purchase order,vendorID_0739,Standard,"3-way match, invoice before GR",NPR,sourceSystemID_0000,vendor_0704,False,10,4507002377_00010,True,NONE,NONE,Vendor creates invoice,21643.0,17-11-2017 23:59:00.000
4196183048193,Logistics,companyID_0000,Framework order,Road Packed,4507000455,Purchase order,vendorID_0219,Service,"3-way match, invoice after GR",NPR,sourceSystemID_0000,vendor_0215,True,10,4507000455_00010,True,NONE,NONE,Vendor creates invoice,12353.0,21-11-2017 23:59:00.000
4191888080898,Logistics,companyID_0000,Framework order,Sea,4507000454,Purchase order,vendorID_0218,Service,"3-way match, invoice after GR",NPR,sourceSystemID_0000,vendor_0214,True,10,4507000454_00010,True,NONE,NONE,Vendor creates invoice,308997.0,22-11-2017 23:59:00.000
1076825610518528,Real Estate,companyID_0003,Framework order,Business park,4507075966,Purchase order,vendorID_1688,Limit,2-way match,NPR,sourceSystemID_0000,vendor_1612,False,10,4507075966_00010,False,NONE,NONE,Vendor creates invoice,29229.0,23-11-2017 23:59:00.000
1076829905485824,Real Estate,companyID_0003,Framework order,Business park,4507075966,Purchase order,vendorID_1688,Limit,2-way match,NPR,sourceSystemID_0000,vendor_1612,False,20,4507075966_00020,False,NONE,NONE,Vendor creates invoice,4261.0,23-11-2017 23:59:00.000
9393093476352,Logistics,companyID_0000,Framework order,Road Packed,4507000902,Purchase order,vendorID_0398,Service,"3-way match, invoice after GR",NPR,sourceSystemID_0000,vendor_0387,True,10,4507000902_00010,True,NONE,NONE,Vendor creates invoice,8660.0,27-11-2017 23:59:00.000
4196183048194,Logistics,companyID_0000,Framework order,Road Packed,4507000455,Purchase order,vendorID_0219,Service,"3-way match, invoice after GR",NPR,sourceSystemID_0000,vendor_0215,True,10,4507000455_00010,True,NONE,NONE,Vendor creates invoice,12353.0,30-11-2017 23:59:00.000
716117077131264,Trading & End Products,companyID_0000,Standard PO,Trading products (old structure),4508049723,Purchase order,vendorID_0197,Subcontracting,"3-way match, invoice before GR",PR,sourceSystemID_0000,vendor_0194,False,20,4508049723_00020,True,NONE,NONE,Vendor creates invoice,566.0,30-11-2017 23:59:00.000
716121372098560,Trading & End Products,companyID_0000,Standard PO,Trading products (old structure),4508049723,Purchase order,vendorID_0197,Subcontracting,"3-way match, invoice before GR",PR,sourceSystemID_0000,vendor_0194,False,30,4508049723_00030,True,NONE,NONE,Vendor creates invoice,547.0,30-11-2017 23:59:00.000
716112782163968,Trading & End Products,companyID_0000,Standard PO,Trading products (old structure),4508049723,Purchase order,vendorID_0197,Subcontracting,"3-way match, invoice before GR",PR,sourceSystemID_0000,vendor_0194,False,10,4508049723_00010,True,NONE,NONE,Vendor creates invoice,4069.0,30-11-2017 23:59:00.000
132040179580936,Logistics,companyID_0000,Standard PO,Other Logistics Services,4507009482,Purchase order,vendorID_0467,Service,"3-way match, invoice after GR",NPR,sourceSystemID_0000,vendor_0452,True,10,4507009482_00010,True,NONE,NONE,Vendor creates invoice,10409.0,30-11-2017 23:59:00.000
1078423338352640,Real Estate,companyID_0003,Framework order,Real estate brokers or agents,4508076155,Purchase order,vendorID_1864,Limit,2-way match,NPR,sourceSystemID_0000,vendor_1788,False,40,4508076155_00040,False,NONE,NONE,Vendor creates invoice,1887.0,01-12-2017 23:59:00.000
16174846836736,Trading & End Products,companyID_0000,Standard PO,Trading products (old structure),4507001369,Purchase order,vendorID_0550,Standard,"3-way match, invoice before GR",PR,sourceSystemID_0000,vendor_0534,False,210,4507001369_00210,True,NONE,NONE,Vendor creates invoice,254.0,04-12-2017 23:59:00.000
16170551869440,Trading & End Products,companyID_0000,Standard PO,Trading products (old structure),4507001369,Purchase order,vendorID_0550,Standard,"3-way match, invoice before GR",PR,sourceSystemID_0000,vendor_0534,False,200,4507001369_00200,True,NONE,NONE,Vendor creates invoice,169.0,04-12-2017 23:59:00.000
16166256902144,Trading & End Products,companyID_0000,Standard PO,Trading products (old structure),4507001369,Purchase order,vendorID_0550,Standard,"3-way match, invoice before GR",PR,sourceSystemID_0000,vendor_0534,False,190,4507001369_00190,True,NONE,NONE,Vendor creates invoice,84.0,04-12-2017 23:59:00.000
16161961934848,Trading & End Products,companyID_0000,Standard PO,Trading products (old structure),4507001369,Purchase order,vendorID_0550,Standard,"3-way match, invoice before GR",PR,sourceSystemID_0000,vendor_0534,False,180,4507001369_00180,True,NONE,NONE,Vendor creates invoice,254.0,04-12-2017 23:59:00.000
16157666967552,Trading & End Products,companyID_0000,Standard PO,Trading products (old structure),4507001369,Purchase order,vendorID_0550,Standard,"3-way match, invoice before GR",PR,sourceSystemID_0000,vendor_0534,False,170,4507001369_00170,True,NONE,NONE,Vendor creates invoice,254.0,04-12-2017 23:59:00.000
16153372000256,Trading & End Products,companyID_0000,Standard PO,Trading products (old structure),4507001369,Purchase order,vendorID_0550,Standard,"3-way match, invoice before GR",PR,sourceSystemID_0000,vendor_0534,False,160,4507001369_00160,True,NONE,NONE,Vendor creates invoice,251.0,04-12-2017 23:59:00.000
16149077032960,Trading & End Products,companyID_0000,Standard PO,Trading products (old structure),4507001369,Purchase order,vendorID_0550,Standard,"3-way match, invoice before GR",PR,sourceSystemID_0000,vendor_0534,False,150,4507001369_00150,True,NONE,NONE,Vendor creates invoice,254.0,04-12-2017 23:59:00.000
16144782065664,Trading & End Products,companyID_0000,Standard PO,Trading products (old structure),4507001369,Purchase order,vendorID_0550,Standard,"3-way match, invoice before GR",PR,sourceSystemID_0000,vendor_0534,False,140,4507001369_00140,True,NONE,NONE,Vendor creates invoice,254.0,04-12-2017 23:59:00.000
16140487098368,Trading & End Products,companyID_0000,Standard PO,Trading products (old structure),4507001369,Purchase order,vendorID_0550,Standard,"3-way match, invoice before GR",PR,sourceSystemID_0000,vendor_0534,False,130,4507001369_00130,True,NONE,NONE,Vendor creates invoice,254.0,04-12-2017 23:59:00.000
16136192131072,Trading & End Products,companyID_0000,Standard PO,Trading products (old structure),4507001369,Purchase order,vendorID_0550,Standard,"3-way match, invoice before GR",PR,sourceSystemID_0000,vendor_0534,False,120,4507001369_00120,True,NONE,NONE,Vendor creates invoice,254.0,04-12-2017 23:59:00.000
16131897163776,Trading & End Products,companyID_0000,Standard PO,Trading products (old structure),4507001369,Purchase order,vendorID_0550,Standard,"3-way match, invoice before GR",PR,sourceSystemID_0000,vendor_0534,False,110,4507001369_00110,True,NONE,NONE,Vendor creates invoice,227.0,04-12-2017 23:59:00.000
16127602196480,Trading & End Products,companyID_0000,Standard PO,Trading products (old structure),4507001369,Purchase order,vendorID_0550,Standard,"3-way match, invoice before GR",PR,sourceSystemID_0000,vendor_0534,False,100,4507001369_00100,True,NONE,NONE,Vendor creates invoice,254.0,04-12-2017 23:59:00.000
16123307229184,Trading & End Products,companyID_0000,Standard PO,Trading products (old structure),4507001369,Purchase order,vendorID_0550,Standard,"3-way match, invoice before GR",PR,sourceSystemID_0000,vendor_0534,False,90,4507001369_00090,True,NONE,NONE,Vendor creates invoice,254.0,04-12-2017 23:59:00.000
16119012261888,Trading & End Products,companyID_0000,Standard PO,Trading products (old structure),4507001369,Purchase order,vendorID_0550,Standard,"3-way match, invoice before GR",PR,sourceSystemID_0000,vendor_0534,False,80,4507001369_00080,True,NONE,NONE,Vendor creates invoice,254.0,04-12-2017 23:59:00.000
16355235463168,Trading & End Products,companyID_0000,Standard PO,Trading products (old structure),4507001369,Purchase order,vendorID_0550,Standard,"3-way match, invoice before GR",PR,sourceSystemID_0000,vendor_0534,False,630,4507001369_00630,True,NONE,NONE,Vendor creates invoice,771.0,04-12-2017 23:59:00.000
16114717294592,Trading & End Products,companyID_0000,Standard PO,Trading products (old structure),4507001369,Purchase order,vendorID_0550,Standard,"3-way match, invoice before GR",PR,sourceSystemID_0000,vendor_0534,False,70,4507001369_00070,True,NONE,NONE,Vendor creates invoice,254.0,04-12-2017 23:59:00.000
16110422327296,Trading & End Products,companyID_0000,Standard PO,Trading products (old structure),4507001369,Purchase order,vendorID_0550,Standard,"3-way match, invoice before GR",PR,sourceSystemID_0000,vendor_0534,False,60,4507001369_00060,True,NONE,NONE,Vendor creates invoice,254.0,04-12-2017 23:59:00.000
16106127360000,Trading & End Products,companyID_0000,Standard PO,Trading products (old structure),4507001369,Purchase order,vendorID_0550,Standard,"3-way match, invoice before GR",PR,sourceSystemID_0000,vendor_0534,False,50,4507001369_00050,True,NONE,NONE,Vendor creates invoice,254.0,04-12-2017 23:59:00.000
16101832392704,Trading & End Products,companyID_0000,Standard PO,Trading products (old structure),4507001369,Purchase order,vendorID_0550,Standard,"3-way match, invoice before GR",PR,sourceSystemID_0000,vendor_0534,False,40,4507001369_00040,True,NONE,NONE,Vendor creates invoice,254.0,04-12-2017 23:59:00.000
16097537425408,Trading & End Products,companyID_0000,Standard PO,Trading products (old structure),4507001369,Purchase order,vendorID_0550,Standard,"3-way match, invoice before GR",PR,sourceSystemID_0000,vendor_0534,False,30,4507001369_00030,True,NONE,NONE,Vendor creates invoice,254.0,04-12-2017 23:59:00.000
16093242458112,Trading & End Products,companyID_0000,Standard PO,Trading products (old structure),4507001369,Purchase order,vendorID_0550,Standard,"3-way match, invoice before GR",PR,sourceSystemID_0000,vendor_0534,False,20,4507001369_00020,True,NONE,NONE,Vendor creates invoice,254.0,04-12-2017 23:59:00.000
16088947490816,Trading & End Products,companyID_0000,Standard PO,Trading products (old structure),4507001369,Purchase order,vendorID_0550,Standard,"3-way match, invoice before GR",PR,sourceSystemID_0000,vendor_0534,False,10,4507001369_00010,True,NONE,NONE,Vendor creates invoice,1272.0,04-12-2017 23:59:00.000
16359530430464,Trading & End Products,companyID_0000,Standard PO,Trading products (old structure),4507001369,Purchase order,vendorID_0550,Standard,"3-way match, invoice before GR",PR,sourceSystemID_0000,vendor_0534,False,640,4507001369_00640,True,NONE,NONE,Vendor creates invoice,514.0,04-12-2017 23:59:00.000
16307990822912,Trading & End Products,companyID_0000,Standard PO,Trading products (old structure),4507001369,Purchase order,vendorID_0550,Standard,"3-way match, invoice before GR",PR,sourceSystemID_0000,vendor_0534,False,520,4507001369_00520,True,NONE,NONE,Vendor creates invoice,257.0,04-12-2017 23:59:00.000
16312285790208,Trading & End Products,companyID_0000,Standard PO,Trading products (old structure),4507001369,Purchase order,vendorID_0550,Standard,"3-way match, invoice before GR",PR,sourceSystemID_0000,vendor_0534,False,530,4507001369_00530,True,NONE,NONE,Vendor creates invoice,257.0,04-12-2017 23:59:00.000
16316580757504,Trading & End Products,companyID_0000,Standard PO,Trading products (old structure),4507001369,Purchase order,vendorID_0550,Standard,"3-way match, invoice before GR",PR,sourceSystemID_0000,vendor_0534,False,540,4507001369_00540,True,NONE,NONE,Vendor creates invoice,257.0,04-12-2017 23:59:00.000
16350940495872,Trading & End Products,companyID_0000,Standard PO,Trading products (old structure),4507001369,Purchase order,vendorID_0550,Standard,"3-way match, invoice before GR",PR,sourceSystemID_0000,vendor_0534,False,620,4507001369_00620,True,NONE,NONE,Vendor creates invoice,771.0,04-12-2017 23:59:00.000
16320875724800,Trading & End Products,companyID_0000,Standard PO,Trading products (old structure),4507001369,Purchase order,vendorID_0550,Standard,"3-way match, invoice before GR",PR,sourceSystemID_0000,vendor_0534,False,550,4507001369_00550,True,NONE,NONE,Vendor creates invoice,257.0,04-12-2017 23:59:00.000
16325170692096,Trading & End Products,companyID_0000,Standard PO,Trading products (old structure),4507001369,Purchase order,vendorID_0550,Standard,"3-way match, invoice before GR",PR,sourceSystemID_0000,vendor_0534,False,560,4507001369_00560,True,NONE,NONE,Vendor creates invoice,257.0,04-12-2017 23:59:00.000
446126842970112,Marketing,companyID_0000,Framework order,Commercial Printing,4507030655,Purchase order,vendorID_1463,Service,"3-way match, invoice after GR",NPR,sourceSystemID_0000,vendor_1397,True,10,4507030655_00010,True,NONE,NONE,Vendor creates debit memo,19728.0,04-12-2017 23:59:00.000
446126842970113,Marketing,companyID_0000,Framework order,Commercial Printing,4507030655,Purchase order,vendorID_1463,Service,"3-way match, invoice after GR",NPR,sourceSystemID_0000,vendor_1397,True,10,4507030655_00010,True,NONE,NONE,Vendor creates invoice,19728.0,04-12-2017 23:59:00.000
16329465659392,Trading & End Products,companyID_0000,Standard PO,Trading products (old structure),4507001369,Purchase order,vendorID_0550,Standard,"3-way match, invoice before GR",PR,sourceSystemID_0000,vendor_0534,False,570,4507001369_00570,True,NONE,NONE,Vendor creates invoice,257.0,04-12-2017 23:59:00.000
16333760626688,Trading & End Products,companyID_0000,Standard PO,Trading products (old structure),4507001369,Purchase order,vendorID_0550,Standard,"3-way match, invoice before GR",PR,sourceSystemID_0000,vendor_0534,False,580,4507001369_00580,True,NONE,NONE,Vendor creates invoice,257.0,04-12-2017 23:59:00.000
16338055593984,Trading & End Products,companyID_0000,Standard PO,Trading products (old structure),4507001369,Purchase order,vendorID_0550,Standard,"3-way match, invoice before GR",PR,sourceSystemID_0000,vendor_0534,False,590,4507001369_00590,True,NONE,NONE,Vendor creates invoice,257.0,04-12-2017 23:59:00.000
16342350561280,Trading & End Products,companyID_0000,Standard PO,Trading products (old structure),4507001369,Purchase order,vendorID_0550,Standard,"3-way match, invoice before GR",PR,sourceSystemID_0000,vendor_0534,False,600,4507001369_00600,True,NONE,NONE,Vendor creates invoice,257.0,04-12-2017 23:59:00.000
16346645528576,Trading & End Products,companyID_0000,Standard PO,Trading products (old structure),4507001369,Purchase order,vendorID_0550,Standard,"3-way match, invoice before GR",PR,sourceSystemID_0000,vendor_0534,False,610,4507001369_00610,True,NONE,NONE,Vendor creates invoice,771.0,04-12-2017 23:59:00.000
16393890168832,Trading & End Products,companyID_0000,Standard PO,Trading products (old structure),4507001369,Purchase order,vendorID_0550,Standard,"3-way match, invoice before GR",PR,sourceSystemID_0000,vendor_0534,False,720,4507001369_00720,True,NONE,NONE,Vendor creates invoice,771.0,04-12-2017 23:59:00.000
16389595201536,Trading & End Products,companyID_0000,Standard PO,Trading products (old structure),4507001369,Purchase order,vendorID_0550,Standard,"3-way match, invoice before GR",PR,sourceSystemID_0000,vendor_0534,False,710,4507001369_00710,True,NONE,NONE,Vendor creates invoice,771.0,04-12-2017 23:59:00.000
16385300234240,Trading & End Products,companyID_0000,Standard PO,Trading products (old structure),4507001369,Purchase order,vendorID_0550,Standard,"3-way match, invoice before GR",PR,sourceSystemID_0000,vendor_0534,False,700,4507001369_00700,True,NONE,NONE,Vendor creates invoice,771.0,04-12-2017 23:59:00.000
16381005266944,Trading & End Products,companyID_0000,Standard PO,Trading products (old structure),4507001369,Purchase order,vendorID_0550,Standard,"3-way match, invoice before GR",PR,sourceSystemID_0000,vendor_0534,False,690,4507001369_00690,True,NONE,NONE,Vendor creates invoice,1028.0,04-12-2017 23:59:00.000
16376710299648,Trading & End Products,companyID_0000,Standard PO,Trading products (old structure),4507001369,Purchase order,vendorID_0550,Standard,"3-way match, invoice before GR",PR,sourceSystemID_0000,vendor_0534,False,680,4507001369_00680,True,NONE,NONE,Vendor creates invoice,514.0,04-12-2017 23:59:00.000
16372415332352,Trading & End Products,companyID_0000,Standard PO,Trading products (old structure),4507001369,Purchase order,vendorID_0550,Standard,"3-way match, invoice before GR",PR,sourceSystemID_0000,vendor_0534,False,670,4507001369_00670,True,NONE,NONE,Vendor creates invoice,771.0,04-12-2017 23:59:00.000
16368120365056,Trading & End Products,companyID_0000,Standard PO,Trading products (old structure),4507001369,Purchase order,vendorID_0550,Standard,"3-way match, invoice before GR",PR,sourceSystemID_0000,vendor_0534,False,660,4507001369_00660,True,NONE,NONE,Vendor creates invoice,771.0,04-12-2017 23:59:00.000
16363825397760,Trading & End Products,companyID_0000,Standard PO,Trading products (old structure),4507001369,Purchase order,vendorID_0550,Standard,"3-way match, invoice before GR",PR,sourceSystemID_0000,vendor_0534,False,650,4507001369_00650,True,NONE,NONE,Vendor creates invoice,767.0,04-12-2017 23:59:00.000
16303695855616,Trading & End Products,companyID_0000,Standard PO,Trading products (old structure),4507001369,Purchase order,vendorID_0550,Standard,"3-way match, invoice before GR",PR,sourceSystemID_0000,vendor_0534,False,510,4507001369_00510,True,NONE,NONE,Vendor creates invoice,257.0,04-12-2017 23:59:00.000
16299400888320,Trading & End Products,companyID_0000,Standard PO,Trading products (old structure),4507001369,Purchase order,vendorID_0550,Standard,"3-way match, invoice before GR",PR,sourceSystemID_0000,vendor_0534,False,500,4507001369_00500,True,NONE,NONE,Vendor creates invoice,257.0,04-12-2017 23:59:00.000
16295105921024,Trading & End Products,companyID_0000,Standard PO,Trading products (old structure),4507001369,Purchase order,vendorID_0550,Standard,"3-way match, invoice before GR",PR,sourceSystemID_0000,vendor_0534,False,490,4507001369_00490,True,NONE,NONE,Vendor creates invoice,262.0,04-12-2017 23:59:00.000
16290810953728,Trading & End Products,companyID_0000,Standard PO,Trading products (old structure),4507001369,Purchase order,vendorID_0550,Standard,"3-way match, invoice before GR",PR,sourceSystemID_0000,vendor_0534,False,480,4507001369_00480,True,NONE,NONE,Vendor creates invoice,524.0,04-12-2017 23:59:00.000
16286515986432,Trading & End Products,companyID_0000,Standard PO,Trading products (old structure),4507001369,Purchase order,vendorID_0550,Standard,"3-way match, invoice before GR",PR,sourceSystemID_0000,vendor_0534,False,470,4507001369_00470,True,NONE,NONE,Vendor creates invoice,262.0,04-12-2017 23:59:00.000
16282221019136,Trading & End Products,companyID_0000,Standard PO,Trading products (old structure),4507001369,Purchase order,vendorID_0550,Standard,"3-way match, invoice before GR",PR,sourceSystemID_0000,vendor_0534,False,460,4507001369_00460,True,NONE,NONE,Vendor creates invoice,262.0,04-12-2017 23:59:00.000
16277926051840,Trading & End Products,companyID_0000,Standard PO,Trading products (old structure),4507001369,Purchase order,vendorID_0550,Standard,"3-way match, invoice before GR",PR,sourceSystemID_0000,vendor_0534,False,450,4507001369_00450,True,NONE,NONE,Vendor creates invoice,262.0,04-12-2017 23:59:00.000
16273631084544,Trading & End Products,companyID_0000,Standard PO,Trading products (old structure),4507001369,Purchase order,vendorID_0550,Standard,"3-way match, invoice before GR",PR,sourceSystemID_0000,vendor_0534,False,440,4507001369_00440,True,NONE,NONE,Vendor creates invoice,262.0,04-12-2017 23:59:00.000
16269336117248,Trading & End Products,companyID_0000,Standard PO,Trading products (old structure),4507001369,Purchase order,vendorID_0550,Standard,"3-way match, invoice before GR",PR,sourceSystemID_0000,vendor_0534,False,430,4507001369_00430,True,NONE,NONE,Vendor creates invoice,262.0,04-12-2017 23:59:00.000
16265041149952,Trading & End Products,companyID_0000,Standard PO,Trading products (old structure),4507001369,Purchase order,vendorID_0550,Standard,"3-way match, invoice before GR",PR,sourceSystemID_0000,vendor_0534,False,420,4507001369_00420,True,NONE,NONE,Vendor creates invoice,262.0,04-12-2017 23:59:00.000
16260746182656,Trading & End Products,companyID_0000,Standard PO,Trading products (old structure),4507001369,Purchase order,vendorID_0550,Standard,"3-way match, invoice before GR",PR,sourceSystemID_0000,vendor_0534,False,410,4507001369_00410,True,NONE,NONE,Vendor creates invoice,262.0,04-12-2017 23:59:00.000
16256451215360,Trading & End Products,companyID_0000,Standard PO,Trading products (old structure),4507001369,Purchase order,vendorID_0550,Standard,"3-way match, invoice before GR",PR,sourceSystemID_0000,vendor_0534,False,400,4507001369_00400,True,NONE,NONE,Vendor creates invoice,254.0,04-12-2017 23:59:00.000
16252156248064,Trading & End Products,companyID_0000,Standard PO,Trading products (old structure),4507001369,Purchase order,vendorID_0550,Standard,"3-way match, invoice before GR",PR,sourceSystemID_0000,vendor_0534,False,390,4507001369_00390,True,NONE,NONE,Vendor creates invoice,763.0,04-12-2017 23:59:00.000
16247861280768,Trading & End Products,companyID_0000,Standard PO,Trading products (old structure),4507001369,Purchase order,vendorID_0550,Standard,"3-way match, invoice before GR",PR,sourceSystemID_0000,vendor_0534,False,380,4507001369_00380,True,NONE,NONE,Vendor creates invoice,254.0,04-12-2017 23:59:00.000
16243566313472,Trading & End Products,companyID_0000,Standard PO,Trading products (old structure),4507001369,Purchase order,vendorID_0550,Standard,"3-way match, invoice before GR",PR,sourceSystemID_0000,vendor_0534,False,370,4507001369_00370,True,NONE,NONE,Vendor creates invoice,254.0,04-12-2017 23:59:00.000
16239271346176,Trading & End Products,companyID_0000,Standard PO,Trading products (old structure),4507001369,Purchase order,vendorID_0550,Standard,"3-way match, invoice before GR",PR,sourceSystemID_0000,vendor_0534,False,360,4507001369_00360,True,NONE,NONE,Vendor creates invoice,1018.0,04-12-2017 23:59:00.000
16234976378880,Trading & End Products,companyID_0000,Standard PO,Trading products (old structure),4507001369,Purchase order,vendorID_0550,Standard,"3-way match, invoice before GR",PR,sourceSystemID_0000,vendor_0534,False,350,4507001369_00350,True,NONE,NONE,Vendor creates invoice,509.0,04-12-2017 23:59:00.000
16230681411584,Trading & End Products,companyID_0000,Standard PO,Trading products (old structure),4507001369,Purchase order,vendorID_0550,Standard,"3-way match, invoice before GR",PR,sourceSystemID_0000,vendor_0534,False,340,4507001369_00340,True,NONE,NONE,Vendor creates invoice,1527.0,04-12-2017 23:59:00.000
16226386444288,Trading & End Products,companyID_0000,Standard PO,Trading products (old structure),4507001369,Purchase order,vendorID_0550,Standard,"3-way match, invoice before GR",PR,sourceSystemID_0000,vendor_0534,False,330,4507001369_00330,True,NONE,NONE,Vendor creates invoice,509.0,04-12-2017 23:59:00.000
16222091476992,Trading & End Products,companyID_0000,Standard PO,Trading products (old structure),4507001369,Purchase order,vendorID_0550,Standard,"3-way match, invoice before GR",PR,sourceSystemID_0000,vendor_0534,False,320,4507001369_00320,True,NONE,NONE,Vendor creates invoice,254.0,04-12-2017 23:59:00.000
16217796509696,Trading & End Products,companyID_0000,Standard PO,Trading products (old structure),4507001369,Purchase order,vendorID_0550,Standard,"3-way match, invoice before GR",PR,sourceSystemID_0000,vendor_0534,False,310,4507001369_00310,True,NONE,NONE,Vendor creates invoice,247.0,04-12-2017 23:59:00.000
16213501542400,Trading & End Products,companyID_0000,Standard PO,Trading products (old structure),4507001369,Purchase order,vendorID_0550,Standard,"3-way match, invoice before GR",PR,sourceSystemID_0000,vendor_0534,False,300,4507001369_00300,True,NONE,NONE,Vendor creates invoice,169.0,04-12-2017 23:59:00.000
16209206575104,Trading & End Products,companyID_0000,Standard PO,Trading products (old structure),4507001369,Purchase order,vendorID_0550,Standard,"3-way match, invoice before GR",PR,sourceSystemID_0000,vendor_0534,False,290,4507001369_00290,True,NONE,NONE,Vendor creates invoice,254.0,04-12-2017 23:59:00.000
16204911607808,Trading & End Products,companyID_0000,Standard PO,Trading products (old structure),4507001369,Purchase order,vendorID_0550,Standard,"3-way match, invoice before GR",PR,sourceSystemID_0000,vendor_0534,False,280,4507001369_00280,True,NONE,NONE,Vendor creates invoice,254.0,04-12-2017 23:59:00.000
16200616640512,Trading & End Products,companyID_0000,Standard PO,Trading products (old structure),4507001369,Purchase order,vendorID_0550,Standard,"3-way match, invoice before GR",PR,sourceSystemID_0000,vendor_0534,False,270,4507001369_00270,True,NONE,NONE,Vendor creates invoice,254.0,04-12-2017 23:59:00.000
16196321673216,Trading & End Products,companyID_0000,Standard PO,Trading products (old structure),4507001369,Purchase order,vendorID_0550,Standard,"3-way match, invoice before GR",PR,sourceSystemID_0000,vendor_0534,False,260,4507001369_00260,True,NONE,NONE,Vendor creates invoice,254.0,04-12-2017 23:59:00.000
16192026705920,Trading & End Products,companyID_0000,Standard PO,Trading products (old structure),4507001369,Purchase order,vendorID_0550,Standard,"3-way match, invoice before GR",PR,sourceSystemID_0000,vendor_0534,False,250,4507001369_00250,True,NONE,NONE,Vendor creates invoice,254.0,04-12-2017 23:59:00.000
16187731738624,Trading & End Products,companyID_0000,Standard PO,Trading products (old structure),4507001369,Purchase order,vendorID_0550,Standard,"3-way match, invoice before GR",PR,sourceSystemID_0000,vendor_0534,False,240,4507001369_00240,True,NONE,NONE,Vendor creates invoice,254.0,04-12-2017 23:59:00.000
16183436771328,Trading & End Products,companyID_0000,Standard PO,Trading products (old structure),4507001369,Purchase order,vendorID_0550,Standard,"3-way match, invoice before GR",PR,sourceSystemID_0000,vendor_0534,False,230,4507001369_00230,True,NONE,NONE,Vendor creates invoice,254.0,04-12-2017 23:59:00.000
16179141804032,Trading & End Products,companyID_0000,Standard PO,Trading products (old structure),4507001369,Purchase order,vendorID_0550,Standard,"3-way match, invoice before GR",PR,sourceSystemID_0000,vendor_0534,False,220,4507001369_00220,True,NONE,NONE,Vendor creates invoice,254.0,04-12-2017 23:59:00.000
1327144894464,Marketing,companyID_0000,EC Purchase order,Media,2000000204,Purchase order,vendorID_0094,Service,"3-way match, invoice after GR",NPR,sourceSystemID_0000,vendor_0094,True,1,2000000204_00001,True,NONE,NONE,Vendor creates invoice,2493.0,05-12-2017 23:59:00.000
232362025680896,Logistics,companyID_0000,Standard PO,Sea,4507016527,Purchase order,vendorID_0548,Subcontracting,"3-way match, invoice before GR",NPR,sourceSystemID_0000,vendor_0532,False,10,4507016527_00010,True,user_236,user_236,Create Purchase Requisition Item,0.0,07-12-2017 00:00:00.000
30683246362625,CAPEX & SOCS,companyID_0000,Standard PO,Transport & Hoisting Equipment,4507002377,Purchase order,vendorID_0739,Standard,"3-way match, invoice before GR",NPR,sourceSystemID_0000,vendor_0704,False,10,4507002377_00010,True,NONE,NONE,Vendor creates invoice,21643.0,07-12-2017 23:59:00.000
1029267437649920,CAPEX & SOCS,companyID_0000,Standard PO,Technical Services,4508072690,Purchase order,vendorID_0136,Standard,"3-way match, invoice before GR",NPR,sourceSystemID_0000,vendor_0135,False,10,4508072690_00010,True,NONE,NONE,Vendor creates invoice,129.0,08-12-2017 23:59:00.000
9191230013442,Logistics,companyID_0000,Framework order,Road Packed,4507000879,Purchase order,vendorID_0388,Service,"3-way match, invoice after GR",NPR,sourceSystemID_0000,vendor_0377,True,110,4507000879_00110,True,NONE,NONE,Vendor creates invoice,879504.0,12-12-2017 23:59:00.000
10011568766976,Others,companyID_0000,Standard PO,Packaging,4507000961,Purchase order,vendorID_0420,Standard,"3-way match, invoice before GR",OTHER,sourceSystemID_0000,vendor_0409,False,10,4507000961_00010,True,NONE,NONE,Vendor creates invoice,1208.0,14-12-2017 23:59:00.000
8302171783168,Packaging,companyID_0000,Standard PO,Pallets,4507000845,Purchase order,vendorID_0167,Standard,"3-way match, invoice before GR",PR,sourceSystemID_0000,vendor_0165,False,10,4507000845_00010,True,NONE,NONE,Vendor creates invoice,2572.0,14-12-2017 23:59:00.000
188518999523328,Sales,companyID_0000,EC Purchase order,Color Collateral,2000013531,Purchase order,vendorID_0430,Service,"3-way match, invoice after GR",NPR,sourceSystemID_0000,vendor_0418,True,1,2000013531_00001,True,NONE,NONE,Vendor creates invoice,240216.0,15-12-2017 23:59:00.000
296932564008960,Packaging,companyID_0000,Standard PO,Paperboard,4507020766,Purchase order,vendorID_0820,Standard,"3-way match, invoice before GR",PR,sourceSystemID_0000,vendor_0780,False,10,4507020766_00010,True,NONE,NONE,Vendor creates invoice,2084.0,15-12-2017 23:59:00.000
1076705351434240,Others,companyID_0003,Framework order,Utilities,4507075964,Purchase order,vendorID_1686,Limit,2-way match,OTHER,sourceSystemID_0000,vendor_1610,False,10,4507075964_00010,False,NONE,NONE,Vendor creates invoice,198.0,16-12-2017 23:59:00.000
4191888080899,Logistics,companyID_0000,Framework order,Sea,4507000454,Purchase order,vendorID_0218,Service,"3-way match, invoice after GR",NPR,sourceSystemID_0000,vendor_0214,True,10,4507000454_00010,True,NONE,NONE,Vendor creates invoice,308997.0,18-12-2017 23:59:00.000
24880745545729,Logistics,companyID_0000,Framework order,Road Packed,4507001973,Purchase order,vendorID_0388,Service,"3-way match, invoice after GR",NPR,sourceSystemID_0000,vendor_0377,True,10,4507001973_00010,True,NONE,NONE,Vendor creates invoice,2868968.0,19-12-2017 23:59:00.000
5454608465920,Logistics,companyID_0000,Framework order,Other Logistics Services,4507000561,Purchase order,vendorID_0265,Service,"3-way match, invoice after GR",NPR,sourceSystemID_0000,vendor_0258,True,10,4507000561_00010,True,NONE,NONE,Vendor creates invoice,88757.0,19-12-2017 23:59:00.000
22325240004608,CAPEX & SOCS,companyID_0000,Framework order,MRO (components),4507001814,Purchase order,vendorID_0648,Service,"3-way match, invoice after GR",NPR,sourceSystemID_0000,vendor_0624,True,10,4507001814_00010,True,NONE,NONE,Vendor creates invoice,17320.0,19-12-2017 23:59:00.000
52901112184832,Packaging,companyID_0000,Standard PO,Metal Containers & Lids < 30L,4507003990,Purchase order,vendorID_0263,Standard,"3-way match, invoice after GR",PR,sourceSystemID_0000,vendor_0256,True,10,4507003990_00010,True,NONE,NONE,Vendor creates invoice,2042.0,19-12-2017 23:59:00.000
601295421440,Marketing,companyID_0000,EC Purchase order,Digital Marketing,2000000115,Purchase order,vendorID_0009,Service,"3-way match, invoice after GR",NPR,sourceSystemID_0000,vendor_0009,True,1,2000000115_00001,True,NONE,NONE,Vendor creates invoice,2159297.0,20-12-2017 23:59:00.000
1076928689733632,Real Estate,companyID_0003,Framework order,Real Estate - To Be Approved,4507075969,Purchase order,vendorID_1691,Limit,2-way match,NPR,sourceSystemID_0000,vendor_1615,False,10,4507075969_00010,False,NONE,NONE,Vendor creates invoice,694.0,20-12-2017 23:59:00.000
28114855919616,Sales,companyID_0000,Standard PO,Products for Resale,4507002186,Purchase order,vendorID_0495,Standard,"3-way match, invoice before GR",NPR,sourceSystemID_0000,vendor_0479,False,10,4507002186_00010,True,NONE,NONE,Vendor creates debit memo,613.0,20-12-2017 23:59:00.000
1076713941368833,Real Estate,companyID_0003,Framework order,Real estate brokers or agents,4507075965,Purchase order,vendorID_1687,Limit,2-way match,NPR,sourceSystemID_0000,vendor_1611,False,10,4507075965_00010,False,NONE,NONE,Vendor creates invoice,15349.0,21-12-2017 23:59:00.000
1076718236336129,Real Estate,companyID_0003,Framework order,Real estate brokers or agents,4507075965,Purchase order,vendorID_1687,Limit,2-way match,NPR,sourceSystemID_0000,vendor_1611,False,20,4507075965_00020,False,NONE,NONE,Vendor creates debit memo,265.0,21-12-2017 23:59:00.000
1076713941368832,Real Estate,companyID_0003,Framework order,Real estate brokers or agents,4507075965,Purchase order,vendorID_1687,Limit,2-way match,NPR,sourceSystemID_0000,vendor_1611,False,10,4507075965_00010,False,NONE,NONE,Vendor creates debit memo,15349.0,21-12-2017 23:59:00.000
1076718236336128,Real Estate,companyID_0003,Framework order,Real estate brokers or agents,4507075965,Purchase order,vendorID_1687,Limit,2-way match,NPR,sourceSystemID_0000,vendor_1611,False,20,4507075965_00020,False,NONE,NONE,Vendor creates invoice,265.0,21-12-2017 23:59:00.000
129093832015874,Logistics,companyID_0000,Standard PO,Road Packed,4507009253,Purchase order,vendorID_0538,Service,"3-way match, invoice after GR",NPR,sourceSystemID_0000,vendor_0522,True,10,4507009253_00010,True,NONE,NONE,Vendor creates invoice,34641.0,22-12-2017 23:59:00.000
10015863734272,Others,companyID_0000,Standard PO,Packaging,4507000962,Purchase order,vendorID_0421,Standard,"3-way match, invoice before GR",OTHER,sourceSystemID_0000,vendor_0409,False,10,4507000962_00010,True,NONE,NONE,Vendor creates invoice,38.0,22-12-2017 23:59:00.000
9990093930496,Others,companyID_0000,Standard PO,Packaging,4507000959,Purchase order,vendorID_0419,Standard,"3-way match, invoice before GR",OTHER,sourceSystemID_0000,vendor_0408,False,10,4507000959_00010,True,NONE,NONE,Vendor creates invoice,3455.0,22-12-2017 23:59:00.000
1076890035027968,Real Estate,companyID_0003,Framework order,Real estate brokers or agents,4507075968,Purchase order,vendorID_1690,Limit,2-way match,NPR,sourceSystemID_0000,vendor_1614,False,10,4507075968_00010,False,NONE,NONE,Vendor creates invoice,1290.0,22-12-2017 23:59:00.000
15234248998912,Logistics,companyID_0000,Standard PO,Road Packed,4507001318,Purchase order,vendorID_0534,Service,"3-way match, invoice after GR",NPR,sourceSystemID_0000,vendor_0518,True,1,4507001318_00001,True,NONE,NONE,Vendor creates invoice,421.0,23-12-2017 23:59:00.000
129093832015875,Logistics,companyID_0000,Standard PO,Road Packed,4507009253,Purchase order,vendorID_0538,Service,"3-way match, invoice after GR",NPR,sourceSystemID_0000,vendor_0522,True,10,4507009253_00010,True,NONE,NONE,Vendor creates invoice,34641.0,27-12-2017 23:59:00.000
9775345565696,Packaging,companyID_0000,Standard PO,Labels,4507000935,Purchase order,vendorID_0411,Standard,"3-way match, invoice before GR",PR,sourceSystemID_0000,vendor_0400,False,10,4507000935_00010,True,NONE,NONE,Vendor creates invoice,181.0,29-12-2017 23:59:00.000
9779640532992,Packaging,companyID_0000,Standard PO,Labels,4507000935,Purchase order,vendorID_0411,Standard,"3-way match, invoice before GR",PR,sourceSystemID_0000,vendor_0400,False,20,4507000935_00020,True,NONE,NONE,Vendor creates invoice,692.0,29-12-2017 23:59:00.000
9783935500288,Packaging,companyID_0000,Standard PO,Labels,4507000935,Purchase order,vendorID_0411,Standard,"3-way match, invoice before GR",PR,sourceSystemID_0000,vendor_0400,False,30,4507000935_00030,True,NONE,NONE,Vendor creates invoice,571.0,29-12-2017 23:59:00.000
9788230467584,Packaging,companyID_0000,Standard PO,Labels,4507000935,Purchase order,vendorID_0411,Standard,"3-way match, invoice before GR",PR,sourceSystemID_0000,vendor_0400,False,40,4507000935_00040,True,NONE,NONE,Vendor creates invoice,431.0,29-12-2017 23:59:00.000
9792525434880,Packaging,companyID_0000,Standard PO,Labels,4507000935,Purchase order,vendorID_0411,Standard,"3-way match, invoice before GR",PR,sourceSystemID_0000,vendor_0400,False,50,4507000935_00050,True,NONE,NONE,Vendor creates invoice,824.0,29-12-2017 23:59:00.000
9796820402176,Packaging,companyID_0000,Standard PO,Labels,4507000935,Purchase order,vendorID_0411,Standard,"3-way match, invoice before GR",PR,sourceSystemID_0000,vendor_0400,False,60,4507000935_00060,True,NONE,NONE,Vendor creates invoice,796.0,29-12-2017 23:59:00.000
9801115369472,Packaging,companyID_0000,Standard PO,Labels,4507000935,Purchase order,vendorID_0411,Standard,"3-way match, invoice before GR",PR,sourceSystemID_0000,vendor_0400,False,70,4507000935_00070,True,NONE,NONE,Vendor creates invoice,363.0,29-12-2017 23:59:00.000
12652973654016,Packaging,companyID_0000,Standard PO,Labels,4507001140,Purchase order,vendorID_0411,Standard,"3-way match, invoice before GR",PR,sourceSystemID_0000,vendor_0400,False,20,4507001140_00020,True,NONE,NONE,Vendor creates invoice,512.0,29-12-2017 23:59:00.000
4196183048195,Logistics,companyID_0000,Framework order,Road Packed,4507000455,Purchase order,vendorID_0219,Service,"3-way match, invoice after GR",NPR,sourceSystemID_0000,vendor_0215,True,10,4507000455_00010,True,NONE,NONE,Vendor creates invoice,12353.0,29-12-2017 23:59:00.000
188476049850368,Marketing,companyID_0000,EC Purchase order,Digital Marketing,2000013521,Purchase order,vendorID_1222,Service,"3-way match, invoice after GR",NPR,sourceSystemID_0000,vendor_1166,True,1,2000013521_00001,True,NONE,NONE,Vendor creates invoice,11344.0,29-12-2017 23:59:00.000
12648678686720,Packaging,companyID_0000,Standard PO,Labels,4507001140,Purchase order,vendorID_0411,Standard,"3-way match, invoice before GR",PR,sourceSystemID_0000,vendor_0400,False,10,4507001140_00010,True,NONE,NONE,Vendor creates invoice,718.0,29-12-2017 23:59:00.000
6665789243392,Additives,companyID_0000,Standard PO,Waxes,4507000681,Purchase order,vendorID_0036,Standard,"3-way match, invoice before GR",PR,sourceSystemID_0000,vendor_0036,False,10,4507000681_00010,True,user_124,user_124,Create Purchase Requisition Item,3732.0,31-12-2017 00:00:00.000
6575594930176,Commodity Resins,companyID_0000,Standard PO,Commodity Resins Precursors,4507000667,Purchase order,vendorID_0317,Standard,"3-way match, invoice before GR",PR,sourceSystemID_0000,vendor_0308,False,10,4507000667_00010,True,user_124,user_124,Create Purchase Requisition Item,2546.0,31-12-2017 00:00:00.000
5347234283520,Solvents,companyID_0000,Standard PO,Aliphatic Solvents,4507000542,Purchase order,vendorID_0256,Consignment,Consignment,PR,sourceSystemID_0000,vendor_0249,False,30,4507000542_00030,True,user_124,user_124,Create Purchase Requisition Item,0.0,31-12-2017 00:00:00.000
6794638262272,Solvents,companyID_0000,Standard PO,Glycol & Ether Solvents,4507000703,Purchase order,vendorID_0198,Standard,"3-way match, invoice before GR",PR,sourceSystemID_0000,vendor_0195,False,10,4507000703_00010,True,user_124,user_124,Create Purchase Requisition Item,4283.0,31-12-2017 00:00:00.000
107597520699392,Logistics,companyID_0000,Framework order,Road Packed,4507007815,Purchase order,vendorID_0364,Service,"3-way match, invoice after GR",NPR,sourceSystemID_0000,vendor_0353,True,10,4507007815_00010,True,NONE,NONE,Vendor creates invoice,1472243.0,31-12-2017 23:59:00.000
8297876815872,Packaging,companyID_0000,Standard PO,Pallets,4507000844,Purchase order,vendorID_0167,Standard,"3-way match, invoice before GR",PR,sourceSystemID_0000,vendor_0165,False,10,4507000844_00010,True,NONE,NONE,Vendor creates invoice,129.0,31-12-2017 23:59:00.000
13662290968576,Logistics,companyID_0000,Standard PO,Other Logistics Services,4507001228,Purchase order,vendorID_0467,Standard,"3-way match, invoice before GR",NPR,sourceSystemID_0000,vendor_0452,False,20,4507001228_00020,True,NONE,NONE,Vendor creates invoice,606.0,31-12-2017 23:59:00.000
13657996001280,Logistics,companyID_0000,Standard PO,Other Logistics Services,4507001228,Purchase order,vendorID_0467,Standard,"3-way match, invoice before GR",NPR,sourceSystemID_0000,vendor_0452,False,10,4507001228_00010,True,NONE,NONE,Vendor creates invoice,606.0,31-12-2017 23:59:00.000
107631880437760,Logistics,companyID_0000,Framework order,Road Packed,4507007819,Purchase order,vendorID_0366,Service,"3-way match, invoice after GR",NPR,sourceSystemID_0000,vendor_0355,True,10,4507007819_00010,True,NONE,NONE,Vendor creates invoice,86602.0,31-12-2017 23:59:00.000
9350143803392,Logistics,companyID_0000,Framework order,Road Packed,4507000898,Purchase order,vendorID_0397,Service,"3-way match, invoice after GR",NPR,sourceSystemID_0000,vendor_0386,True,10,4507000898_00010,True,NONE,NONE,Vendor creates invoice,2598076.0,31-12-2017 23:59:00.000
17093969838080,Logistics,companyID_0000,Standard PO,Road Packed,4507001443,Purchase order,vendorID_0539,Service,"3-way match, invoice after GR",NPR,sourceSystemID_0000,vendor_0523,True,10,4507001443_00010,True,NONE,NONE,Vendor creates invoice,86600.0,31-12-2017 23:59:00.000
132040179580937,Logistics,companyID_0000,Standard PO,Other Logistics Services,4507009482,Purchase order,vendorID_0467,Service,"3-way match, invoice after GR",NPR,sourceSystemID_0000,vendor_0452,True,10,4507009482_00010,True,NONE,NONE,Vendor creates invoice,10409.0,31-12-2017 23:59:00.000
24880745545730,Logistics,companyID_0000,Framework order,Road Packed,4507001973,Purchase order,vendorID_0388,Service,"3-way match, invoice after GR",NPR,sourceSystemID_0000,vendor_0377,True,10,4507001973_00010,True,NONE,NONE,Vendor creates invoice,2868968.0,31-12-2017 23:59:00.000
4011499454464,Logistics,companyID_0000,Framework order,Sea,4507000430,Purchase order,vendorID_0201,Service,"3-way match, invoice after GR",NPR,sourceSystemID_0000,vendor_0198,True,20,4507000430_00020,True,NONE,NONE,Vendor creates invoice,29067.0,31-12-2017 23:59:00.000
4007204487169,Logistics,companyID_0000,Framework order,Sea,4507000430,Purchase order,vendorID_0201,Service,"3-way match, invoice after GR",NPR,sourceSystemID_0000,vendor_0198,True,10,4507000430_00010,True,NONE,NONE,Vendor creates invoice,3348498.0,31-12-2017 23:59:00.000
498216206336,Enterprise Services,companyID_0000,EC Purchase order,ICT Services,2000000093,Purchase order,vendorID_0051,Service,"3-way match, invoice after GR",NPR,sourceSystemID_0000,vendor_0051,True,1,2000000093_00001,True,NONE,NONE,Vendor creates invoice,5868.0,31-12-2017 23:59:00.000
27517855465472,Others,companyID_0000,Standard PO,Packaging,4507002143,Purchase order,vendorID_0167,Standard,"3-way match, invoice before GR",OTHER,sourceSystemID_0000,vendor_0165,False,10,4507002143_00010,True,NONE,NONE,Vendor creates invoice,5871.0,31-12-2017 23:59:00.000
27504970563584,Others,companyID_0000,Standard PO,Packaging,4507002141,Purchase order,vendorID_0167,Standard,"3-way match, invoice before GR",OTHER,sourceSystemID_0000,vendor_0165,False,10,4507002141_00010,True,NONE,NONE,Vendor creates invoice,1623.0,31-12-2017 23:59:00.000
20456929230848,Others,companyID_0000,Standard PO,Packaging,4507001671,Purchase order,vendorID_0421,Standard,"3-way match, invoice before GR",OTHER,sourceSystemID_0000,vendor_0409,False,10,4507001671_00010,True,NONE,NONE,Vendor creates invoice,77.0,31-12-2017 23:59:00.000
9191230013443,Logistics,companyID_0000,Framework order,Road Packed,4507000879,Purchase order,vendorID_0388,Service,"3-way match, invoice after GR",NPR,sourceSystemID_0000,vendor_0377,True,110,4507000879_00110,True,NONE,NONE,Vendor creates invoice,879504.0,31-12-2017 23:59:00.000
52063593562112,Logistics,companyID_0000,Framework order,Sea,4507003933,Purchase order,vendorID_0884,Service,"3-way match, invoice after GR",NPR,sourceSystemID_0000,vendor_0844,True,10,4507003933_00010,True,NONE,NONE,Vendor creates invoice,29435.0,31-12-2017 23:59:00.000
4101693767680,CAPEX & SOCS,companyID_0000,Framework order,Technical Services,4507000444,Purchase order,vendorID_0209,Service,"3-way match, invoice after GR",NPR,sourceSystemID_0000,vendor_0205,True,10,4507000444_00010,True,NONE,NONE,Vendor creates invoice,481965.0,31-12-2017 23:59:00.000
10020158701568,Others,companyID_0000,Standard PO,Packaging,4507000963,Purchase order,vendorID_0167,Standard,"3-way match, invoice before GR",OTHER,sourceSystemID_0000,vendor_0165,False,10,4507000963_00010,True,NONE,NONE,Vendor creates invoice,779.0,31-12-2017 23:59:00.000
1430224109568,Packaging,companyID_0000,Standard PO,Labels,4507000221,Purchase order,vendorID_0103,Standard,"3-way match, invoice before GR",PR,sourceSystemID_0000,vendor_0103,False,10,4507000221_00010,True,batch_03,batch_03,Create Purchase Order Item,208.0,01-01-2018 03:42:00.000
6609954668544,Additives,companyID_0000,Standard PO,Extenders,4507000672,Purchase order,vendorID_0321,Standard,"3-way match, invoice before GR",PR,sourceSystemID_0000,vendor_0312,False,10,4507000672_00010,True,batch_08,batch_08,Create Purchase Requisition Item,6304.0,02-01-2018 00:00:00.000
1434519076864,Packaging,companyID_0000,Standard PO,Labels,4507000222,Purchase order,vendorID_0103,Standard,"3-way match, invoice before GR",PR,sourceSystemID_0000,vendor_0103,False,10,4507000222_00010,True,batch_03,batch_03,Create Purchase Order Item,42.0,02-01-2018 03:43:00.000
1447403978752,Packaging,companyID_0000,Standard PO,Labels,4507000224,Purchase order,vendorID_0105,Standard,"3-way match, invoice before GR",PR,sourceSystemID_0000,vendor_0105,False,10,4507000224_00010,True,batch_03,batch_03,Create Purchase Order Item,42.0,02-01-2018 03:43:00.000
1443109011456,Packaging,companyID_0000,Standard PO,Plastic Containers & Lids < 30L,4507000223,Purchase order,vendorID_0104,Standard,"3-way match, invoice before GR",PR,sourceSystemID_0000,vendor_0104,False,10,4507000223_00010,True,batch_03,batch_03,Create Purchase Order Item,867.0,02-01-2018 03:43:00.000
1438814044160,Packaging,companyID_0000,Standard PO,Labels,4507000222,Purchase order,vendorID_0103,Standard,"3-way match, invoice before GR",PR,sourceSystemID_0000,vendor_0103,False,20,4507000222_00020,True,batch_03,batch_03,Create Purchase Order Item,134.0,02-01-2018 03:43:00.000
1451698946048,Packaging,companyID_0000,Standard PO,Metal Containers & Lids < 30L,4507000225,Purchase order,vendorID_0106,Standard,"3-way match, invoice before GR",PR,sourceSystemID_0000,vendor_0106,False,10,4507000225_00010,True,batch_04,batch_04,Create Purchase Order Item,1833.0,02-01-2018 04:20:00.000
1464583847936,Packaging,companyID_0000,Standard PO,Metal Containers & Lids < 30L,4507000225,Purchase order,vendorID_0106,Standard,"3-way match, invoice before GR",PR,sourceSystemID_0000,vendor_0106,False,40,4507000225_00040,True,batch_04,batch_04,Create Purchase Order Item,1833.0,02-01-2018 04:20:00.000
1455993913344,Packaging,companyID_0000,Standard PO,Metal Containers & Lids < 30L,4507000225,Purchase order,vendorID_0106,Standard,"3-way match, invoice before GR",PR,sourceSystemID_0000,vendor_0106,False,20,4507000225_00020,True,batch_04,batch_04,Create Purchase Order Item,1046.0,02-01-2018 04:20:00.000
1460288880640,Packaging,companyID_0000,Standard PO,Metal Containers & Lids < 30L,4507000225,Purchase order,vendorID_0106,Standard,"3-way match, invoice before GR",PR,sourceSystemID_0000,vendor_0106,False,30,4507000225_00030,True,batch_04,batch_04,Create Purchase Order Item,1156.0,02-01-2018 04:20:00.000
1468878815232,Additives,companyID_0000,Standard PO,Extenders,4507000226,Purchase order,vendorID_0032,Standard,"3-way match, invoice before GR",PR,sourceSystemID_0000,vendor_0032,False,10,4507000226_00010,True,user_033,user_033,Create Purchase Order Item,3588.0,02-01-2018 07:20:00.000
1473173782528,Specialty Resins,companyID_0000,Standard PO,Alkyd Resins,4507000227,Purchase order,vendorID_0107,Standard,"3-way match, invoice after GR",PR,sourceSystemID_0000,vendor_0107,True,10,4507000227_00010,True,user_033,user_033,Create Purchase Order Item,43301.0,02-01-2018 07:23:00.000
1486058684416,Sales,companyID_0000,Standard PO,Products for Resale,4507000228,Purchase order,vendorID_0108,Standard,"3-way match, invoice before GR",NPR,sourceSystemID_0000,vendor_0108,False,30,4507000228_00030,True,user_036,user_036,Create Purchase Order Item,617.0,02-01-2018 07:28:00.000
1481763717120,Sales,companyID_0000,Standard PO,Products for Resale,4507000228,Purchase order,vendorID_0108,Standard,"3-way match, invoice before GR",NPR,sourceSystemID_0000,vendor_0108,False,20,4507000228_00020,True,user_036,user_036,Create Purchase Order Item,685.0,02-01-2018 07:28:00.000
1477468749824,Sales,companyID_0000,Standard PO,Products for Resale,4507000228,Purchase order,vendorID_0108,Standard,"3-way match, invoice before GR",NPR,sourceSystemID_0000,vendor_0108,False,10,4507000228_00010,True,user_036,user_036,Create Purchase Order Item,110.0,02-01-2018 07:28:00.000
1490353651712,Sales,companyID_0000,Standard PO,Products for Resale,4507000228,Purchase order,vendorID_0108,Standard,"3-way match, invoice before GR",NPR,sourceSystemID_0000,vendor_0108,False,40,4507000228_00040,True,user_036,user_036,Create Purchase Order Item,75.0,02-01-2018 07:28:00.000
1511828488192,Sales,companyID_0000,Standard PO,Products for Resale,4507000230,Purchase order,vendorID_0110,Standard,"3-way match, invoice before GR",NPR,sourceSystemID_0000,vendor_0110,False,30,4507000230_00030,True,user_036,user_036,Create Purchase Order Item,212.0,02-01-2018 07:31:00.000
1520418422784,Sales,companyID_0000,Standard PO,Products for Resale,4507000230,Purchase order,vendorID_0110,Standard,"3-way match, invoice before GR",NPR,sourceSystemID_0000,vendor_0110,False,50,4507000230_00050,True,user_036,user_036,Create Purchase Order Item,361.0,02-01-2018 07:31:00.000
1550483193856,Sales,companyID_0000,Standard PO,Products for Resale,4507000231,Purchase order,vendorID_0111,Standard,"3-way match, invoice before GR",NPR,sourceSystemID_0000,vendor_0111,False,20,4507000231_00020,True,user_036,user_036,Create Purchase Order Item,585.0,02-01-2018 07:31:00.000
1516123455488,Sales,companyID_0000,Standard PO,Products for Resale,4507000230,Purchase order,vendorID_0110,Standard,"3-way match, invoice before GR",NPR,sourceSystemID_0000,vendor_0110,False,40,4507000230_00040,True,user_036,user_036,Create Purchase Order Item,685.0,02-01-2018 07:31:00.000
1533303324672,Sales,companyID_0000,Standard PO,Products for Resale,4507000230,Purchase order,vendorID_0110,Standard,"3-way match, invoice before GR",NPR,sourceSystemID_0000,vendor_0110,False,80,4507000230_00080,True,user_036,user_036,Create Purchase Order Item,426.0,02-01-2018 07:31:00.000
1494648619008,Solvents,companyID_0000,Standard PO,Glycol & Ether Solvents,4507000229,Purchase order,vendorID_0109,Standard,"3-way match, invoice before GR",PR,sourceSystemID_0000,vendor_0109,False,10,4507000229_00010,True,user_033,user_033,Create Purchase Order Item,16027.0,02-01-2018 07:31:00.000
1546188226560,Sales,companyID_0000,Standard PO,Products for Resale,4507000231,Purchase order,vendorID_0111,Standard,"3-way match, invoice before GR",NPR,sourceSystemID_0000,vendor_0111,False,10,4507000231_00010,True,user_036,user_036,Create Purchase Order Item,1184.0,02-01-2018 07:31:00.000
1537598291968,Sales,companyID_0000,Standard PO,Products for Resale,4507000230,Purchase order,vendorID_0110,Standard,"3-way match, invoice before GR",NPR,sourceSystemID_0000,vendor_0110,False,90,4507000230_00090,True,user_036,user_036,Create Purchase Order Item,21.0,02-01-2018 07:31:00.000
1529008357376,Sales,companyID_0000,Standard PO,Products for Resale,4507000230,Purchase order,vendorID_0110,Standard,"3-way match, invoice before GR",NPR,sourceSystemID_0000,vendor_0110,False,70,4507000230_00070,True,user_036,user_036,Create Purchase Order Item,504.0,02-01-2018 07:31:00.000
1503238553600,Sales,companyID_0000,Standard PO,Products for Resale,4507000230,Purchase order,vendorID_0110,Standard,"3-way match, invoice before GR",NPR,sourceSystemID_0000,vendor_0110,False,10,4507000230_00010,True,user_036,user_036,Create Purchase Order Item,723.0,02-01-2018 07:31:00.000
1541893259264,Sales,companyID_0000,Standard PO,Products for Resale,4507000230,Purchase order,vendorID_0110,Standard,"3-way match, invoice before GR",NPR,sourceSystemID_0000,vendor_0110,False,100,4507000230_00100,True,user_036,user_036,Create Purchase Order Item,344.0,02-01-2018 07:31:00.000
1507533520896,Sales,companyID_0000,Standard PO,Products for Resale,4507000230,Purchase order,vendorID_0110,Standard,"3-way match, invoice before GR",NPR,sourceSystemID_0000,vendor_0110,False,20,4507000230_00020,True,user_036,user_036,Create Purchase Order Item,1423.0,02-01-2018 07:31:00.000
1524713390080,Sales,companyID_0000,Standard PO,Products for Resale,4507000230,Purchase order,vendorID_0110,Standard,"3-way match, invoice before GR",NPR,sourceSystemID_0000,vendor_0110,False,60,4507000230_00060,True,user_036,user_036,Create Purchase Order Item,302.0,02-01-2018 07:31:00.000
1559073128448,Sales,companyID_0000,Standard PO,Color Collateral,4507000232,Purchase order,vendorID_0112,Standard,"3-way match, invoice before GR",NPR,sourceSystemID_0000,vendor_0112,False,20,4507000232_00020,True,user_036,user_036,Create Purchase Order Item,92.0,02-01-2018 07:32:00.000
1563368095744,Sales,companyID_0000,Standard PO,Color Collateral,4507000232,Purchase order,vendorID_0112,Standard,"3-way match, invoice before GR",NPR,sourceSystemID_0000,vendor_0112,False,30,4507000232_00030,True,user_036,user_036,Create Purchase Order Item,24.0,02-01-2018 07:32:00.000
1554778161152,Sales,companyID_0000,Standard PO,Color Collateral,4507000232,Purchase order,vendorID_0112,Standard,"3-way match, invoice before GR",NPR,sourceSystemID_0000,vendor_0112,False,10,4507000232_00010,True,user_036,user_036,Create Purchase Order Item,564.0,02-01-2018 07:32:00.000
1567663063040,Additives,companyID_0000,Standard PO,Defoamers & Antifoams,4507000233,Purchase order,vendorID_0113,Standard,"3-way match, invoice before GR",PR,sourceSystemID_0000,vendor_0113,False,10,4507000233_00010,True,user_033,user_033,Create Purchase Order Item,534.0,02-01-2018 07:37:00.000
1580547964928,Sales,companyID_0000,Standard PO,Products for Resale,4507000234,Purchase order,vendorID_0114,Standard,"3-way match, invoice before GR",NPR,sourceSystemID_0000,vendor_0114,False,30,4507000234_00030,True,user_038,user_038,Create Purchase Order Item,95.0,02-01-2018 07:38:00.000
1571958030336,Sales,companyID_0000,Standard PO,Products for Resale,4507000234,Purchase order,vendorID_0114,Standard,"3-way match, invoice before GR",NPR,sourceSystemID_0000,vendor_0114,False,10,4507000234_00010,True,user_038,user_038,Create Purchase Order Item,239.0,02-01-2018 07:38:00.000
1576252997632,Sales,companyID_0000,Standard PO,Products for Resale,4507000234,Purchase order,vendorID_0114,Standard,"3-way match, invoice before GR",NPR,sourceSystemID_0000,vendor_0114,False,20,4507000234_00020,True,user_038,user_038,Create Purchase Order Item,462.0,02-01-2018 07:38:00.000
1593432866816,Sales,companyID_0000,Standard PO,Products for Resale,4507000235,Purchase order,vendorID_0115,Standard,"3-way match, invoice before GR",NPR,sourceSystemID_0000,vendor_0115,False,30,4507000235_00030,True,user_038,user_038,Create Purchase Order Item,3216.0,02-01-2018 07:41:00.000
1597727834112,Sales,companyID_0000,Standard PO,Products for Resale,4507000235,Purchase order,vendorID_0115,Standard,"3-way match, invoice before GR",NPR,sourceSystemID_0000,vendor_0115,False,40,4507000235_00040,True,user_038,user_038,Create Purchase Order Item,432.0,02-01-2018 07:41:00.000
1602022801408,Additives,companyID_0000,Standard PO,Surfactants,4507000236,Purchase order,vendorID_0116,Standard,"3-way match, invoice before GR",PR,sourceSystemID_0000,vendor_0113,False,10,4507000236_00010,True,user_033,user_033,Create Purchase Order Item,45993.0,02-01-2018 07:41:00.000
1589137899520,Sales,companyID_0000,Standard PO,Products for Resale,4507000235,Purchase order,vendorID_0115,Standard,"3-way match, invoice before GR",NPR,sourceSystemID_0000,vendor_0115,False,20,4507000235_00020,True,user_038,user_038,Create Purchase Order Item,239.0,02-01-2018 07:41:00.000
1584842932224,Sales,companyID_0000,Standard PO,Products for Resale,4507000235,Purchase order,vendorID_0115,Standard,"3-way match, invoice before GR",NPR,sourceSystemID_0000,vendor_0115,False,10,4507000235_00010,True,user_038,user_038,Create Purchase Order Item,933.0,02-01-2018 07:41:00.000
1606317768704,Additives,companyID_0000,Standard PO,Driers & Antiskinning Agents,4507000237,Purchase order,vendorID_0117,Standard,"3-way match, invoice before GR",PR,sourceSystemID_0000,vendor_0116,False,10,4507000237_00010,True,user_033,user_033,Create Purchase Order Item,3720.0,02-01-2018 07:43:00.000
1838246002688,Trading & End Products,companyID_0000,Standard PO,Trading products (old structure),4507000238,Purchase order,vendorID_0118,Standard,"3-way match, invoice before GR",PR,sourceSystemID_0000,vendor_0117,False,540,4507000238_00540,True,user_036,user_036,Create Purchase Order Item,22.0,02-01-2018 07:47:00.000
1649267441664,Trading & End Products,companyID_0000,Standard PO,Trading products (old structure),4507000238,Purchase order,vendorID_0118,Standard,"3-way match, invoice before GR",PR,sourceSystemID_0000,vendor_0117,False,100,4507000238_00100,True,user_036,user_036,Create Purchase Order Item,1009.0,02-01-2018 07:47:00.000
1653562408960,Trading & End Products,companyID_0000,Standard PO,Trading products (old structure),4507000238,Purchase order,vendorID_0118,Standard,"3-way match, invoice before GR",PR,sourceSystemID_0000,vendor_0117,False,110,4507000238_00110,True,user_036,user_036,Create Purchase Order Item,36.0,02-01-2018 07:47:00.000
1657857376256,Trading & End Products,companyID_0000,Standard PO,Trading products (old structure),4507000238,Purchase order,vendorID_0118,Standard,"3-way match, invoice before GR",PR,sourceSystemID_0000,vendor_0117,False,120,4507000238_00120,True,user_036,user_036,Create Purchase Order Item,46.0,02-01-2018 07:47:00.000
1782411427840,Trading & End Products,companyID_0000,Standard PO,Trading products (old structure),4507000238,Purchase order,vendorID_0118,Standard,"3-way match, invoice before GR",PR,sourceSystemID_0000,vendor_0117,False,410,4507000238_00410,True,user_036,user_036,Create Purchase Order Item,56.0,02-01-2018 07:47:00.000
1713691951104,Trading & End Products,companyID_0000,Standard PO,Trading products (old structure),4507000238,Purchase order,vendorID_0118,Standard,"3-way match, invoice before GR",PR,sourceSystemID_0000,vendor_0117,False,250,4507000238_00250,True,user_036,user_036,Create Purchase Order Item,225.0,02-01-2018 07:47:00.000
1717986918400,Trading & End Products,companyID_0000,Standard PO,Trading products (old structure),4507000238,Purchase order,vendorID_0118,Standard,"3-way match, invoice before GR",PR,sourceSystemID_0000,vendor_0117,False,260,4507000238_00260,True,user_036,user_036,Create Purchase Order Item,360.0,02-01-2018 07:47:00.000
1846835937280,Trading & End Products,companyID_0000,Standard PO,Trading products (old structure),4507000238,Purchase order,vendorID_0118,Standard,"3-way match, invoice before GR",PR,sourceSystemID_0000,vendor_0117,False,560,4507000238_00560,True,user_036,user_036,Create Purchase Order Item,300.0,02-01-2018 07:47:00.000
1842540969984,Trading & End Products,companyID_0000,Standard PO,Trading products (old structure),4507000238,Purchase order,vendorID_0118,Standard,"3-way match, invoice before GR",PR,sourceSystemID_0000,vendor_0117,False,550,4507000238_00550,True,user_036,user_036,Create Purchase Order Item,35.0,02-01-2018 07:47:00.000
1722281885696,Trading & End Products,companyID_0000,Standard PO,Trading products (old structure),4507000238,Purchase order,vendorID_0118,Standard,"3-way match, invoice before GR",PR,sourceSystemID_0000,vendor_0117,False,270,4507000238_00270,True,user_036,user_036,Create Purchase Order Item,74.0,02-01-2018 07:47:00.000
1726576852992,Trading & End Products,companyID_0000,Standard PO,Trading products (old structure),4507000238,Purchase order,vendorID_0118,Standard,"3-way match, invoice before GR",PR,sourceSystemID_0000,vendor_0117,False,280,4507000238_00280,True,user_036,user_036,Create Purchase Order Item,33.0,02-01-2018 07:47:00.000
1644972474368,Trading & End Products,companyID_0000,Standard PO,Trading products (old structure),4507000238,Purchase order,vendorID_0118,Standard,"3-way match, invoice before GR",PR,sourceSystemID_0000,vendor_0117,False,90,4507000238_00090,True,user_036,user_036,Create Purchase Order Item,35.0,02-01-2018 07:47:00.000
1833951035392,Trading & End Products,companyID_0000,Standard PO,Trading products (old structure),4507000238,Purchase order,vendorID_0118,Standard,"3-way match, invoice before GR",PR,sourceSystemID_0000,vendor_0117,False,530,4507000238_00530,True,user_036,user_036,Create Purchase Order Item,22.0,02-01-2018 07:47:00.000
1730871820288,Trading & End Products,companyID_0000,Standard PO,Trading products (old structure),4507000238,Purchase order,vendorID_0118,Standard,"3-way match, invoice before GR",PR,sourceSystemID_0000,vendor_0117,False,290,4507000238_00290,True,user_036,user_036,Create Purchase Order Item,67.0,02-01-2018 07:47:00.000
1735166787584,Trading & End Products,companyID_0000,Standard PO,Trading products (old structure),4507000238,Purchase order,vendorID_0118,Standard,"3-way match, invoice before GR",PR,sourceSystemID_0000,vendor_0117,False,300,4507000238_00300,True,user_036,user_036,Create Purchase Order Item,31.0,02-01-2018 07:47:00.000
1829656068096,Trading & End Products,companyID_0000,Standard PO,Trading products (old structure),4507000238,Purchase order,vendorID_0118,Standard,"3-way match, invoice before GR",PR,sourceSystemID_0000,vendor_0117,False,520,4507000238_00520,True,user_036,user_036,Create Purchase Order Item,139.0,02-01-2018 07:47:00.000
1825361100800,Trading & End Products,companyID_0000,Standard PO,Trading products (old structure),4507000238,Purchase order,vendorID_0118,Standard,"3-way match, invoice before GR",PR,sourceSystemID_0000,vendor_0117,False,510,4507000238_00510,True,user_036,user_036,Create Purchase Order Item,34.0,02-01-2018 07:47:00.000
1739461754880,Trading & End Products,companyID_0000,Standard PO,Trading products (old structure),4507000238,Purchase order,vendorID_0118,Standard,"3-way match, invoice before GR",PR,sourceSystemID_0000,vendor_0117,False,310,4507000238_00310,True,user_036,user_036,Create Purchase Order Item,150.0,02-01-2018 07:47:00.000
1743756722176,Trading & End Products,companyID_0000,Standard PO,Trading products (old structure),4507000238,Purchase order,vendorID_0118,Standard,"3-way match, invoice before GR",PR,sourceSystemID_0000,vendor_0117,False,320,4507000238_00320,True,user_036,user_036,Create Purchase Order Item,262.0,02-01-2018 07:47:00.000
1821066133504,Trading & End Products,companyID_0000,Standard PO,Trading products (old structure),4507000238,Purchase order,vendorID_0118,Standard,"3-way match, invoice before GR",PR,sourceSystemID_0000,vendor_0117,False,500,4507000238_00500,True,user_036,user_036,Create Purchase Order Item,34.0,02-01-2018 07:47:00.000
1816771166208,Trading & End Products,companyID_0000,Standard PO,Trading products (old structure),4507000238,Purchase order,vendorID_0118,Standard,"3-way match, invoice before GR",PR,sourceSystemID_0000,vendor_0117,False,490,4507000238_00490,True,user_036,user_036,Create Purchase Order Item,34.0,02-01-2018 07:47:00.000
1748051689472,Trading & End Products,companyID_0000,Standard PO,Trading products (old structure),4507000238,Purchase order,vendorID_0118,Standard,"3-way match, invoice before GR",PR,sourceSystemID_0000,vendor_0117,False,330,4507000238_00330,True,user_036,user_036,Create Purchase Order Item,141.0,02-01-2018 07:47:00.000
1752346656768,Trading & End Products,companyID_0000,Standard PO,Trading products (old structure),4507000238,Purchase order,vendorID_0118,Standard,"3-way match, invoice before GR",PR,sourceSystemID_0000,vendor_0117,False,340,4507000238_00340,True,user_036,user_036,Create Purchase Order Item,100.0,02-01-2018 07:47:00.000
1812476198912,Trading & End Products,companyID_0000,Standard PO,Trading products (old structure),4507000238,Purchase order,vendorID_0118,Standard,"3-way match, invoice before GR",PR,sourceSystemID_0000,vendor_0117,False,480,4507000238_00480,True,user_036,user_036,Create Purchase Order Item,34.0,02-01-2018 07:47:00.000
1756641624064,Trading & End Products,companyID_0000,Standard PO,Trading products (old structure),4507000238,Purchase order,vendorID_0118,Standard,"3-way match, invoice before GR",PR,sourceSystemID_0000,vendor_0117,False,350,4507000238_00350,True,user_036,user_036,Create Purchase Order Item,93.0,02-01-2018 07:47:00.000
1808181231616,Trading & End Products,companyID_0000,Standard PO,Trading products (old structure),4507000238,Purchase order,vendorID_0118,Standard,"3-way match, invoice before GR",PR,sourceSystemID_0000,vendor_0117,False,470,4507000238_00470,True,user_036,user_036,Create Purchase Order Item,34.0,02-01-2018 07:47:00.000
1760936591360,Trading & End Products,companyID_0000,Standard PO,Trading products (old structure),4507000238,Purchase order,vendorID_0118,Standard,"3-way match, invoice before GR",PR,sourceSystemID_0000,vendor_0117,False,360,4507000238_00360,True,user_036,user_036,Create Purchase Order Item,27.0,02-01-2018 07:47:00.000
1803886264320,Trading & End Products,companyID_0000,Standard PO,Trading products (old structure),4507000238,Purchase order,vendorID_0118,Standard,"3-way match, invoice before GR",PR,sourceSystemID_0000,vendor_0117,False,460,4507000238_00460,True,user_036,user_036,Create Purchase Order Item,494.0,02-01-2018 07:47:00.000
1765231558656,Trading & End Products,companyID_0000,Standard PO,Trading products (old structure),4507000238,Purchase order,vendorID_0118,Standard,"3-way match, invoice before GR",PR,sourceSystemID_0000,vendor_0117,False,370,4507000238_00370,True,user_036,user_036,Create Purchase Order Item,35.0,02-01-2018 07:47:00.000
1769526525952,Trading & End Products,companyID_0000,Standard PO,Trading products (old structure),4507000238,Purchase order,vendorID_0118,Standard,"3-way match, invoice before GR",PR,sourceSystemID_0000,vendor_0117,False,380,4507000238_00380,True,user_036,user_036,Create Purchase Order Item,215.0,02-01-2018 07:47:00.000
1799591297024,Trading & End Products,companyID_0000,Standard PO,Trading products (old structure),4507000238,Purchase order,vendorID_0118,Standard,"3-way match, invoice before GR",PR,sourceSystemID_0000,vendor_0117,False,450,4507000238_00450,True,user_036,user_036,Create Purchase Order Item,34.0,02-01-2018 07:47:00.000
1795296329728,Trading & End Products,companyID_0000,Standard PO,Trading products (old structure),4507000238,Purchase order,vendorID_0118,Standard,"3-way match, invoice before GR",PR,sourceSystemID_0000,vendor_0117,False,440,4507000238_00440,True,user_036,user_036,Create Purchase Order Item,68.0,02-01-2018 07:47:00.000
1773821493248,Trading & End Products,companyID_0000,Standard PO,Trading products (old structure),4507000238,Purchase order,vendorID_0118,Standard,"3-way match, invoice before GR",PR,sourceSystemID_0000,vendor_0117,False,390,4507000238_00390,True,user_036,user_036,Create Purchase Order Item,377.0,02-01-2018 07:47:00.000
1778116460544,Trading & End Products,companyID_0000,Standard PO,Trading products (old structure),4507000238,Purchase order,vendorID_0118,Standard,"3-way match, invoice before GR",PR,sourceSystemID_0000,vendor_0117,False,400,4507000238_00400,True,user_036,user_036,Create Purchase Order Item,197.0,02-01-2018 07:47:00.000
1791001362432,Trading & End Products,companyID_0000,Standard PO,Trading products (old structure),4507000238,Purchase order,vendorID_0118,Standard,"3-way match, invoice before GR",PR,sourceSystemID_0000,vendor_0117,False,430,4507000238_00430,True,user_036,user_036,Create Purchase Order Item,97.0,02-01-2018 07:47:00.000
1786706395136,Trading & End Products,companyID_0000,Standard PO,Trading products (old structure),4507000238,Purchase order,vendorID_0118,Standard,"3-way match, invoice before GR",PR,sourceSystemID_0000,vendor_0117,False,420,4507000238_00420,True,user_036,user_036,Create Purchase Order Item,84.0,02-01-2018 07:47:00.000
1640677507072,Trading & End Products,companyID_0000,Standard PO,Trading products (old structure),4507000238,Purchase order,vendorID_0118,Standard,"3-way match, invoice before GR",PR,sourceSystemID_0000,vendor_0117,False,80,4507000238_00080,True,user_036,user_036,Create Purchase Order Item,31.0,02-01-2018 07:47:00.000
1636382539776,Trading & End Products,companyID_0000,Standard PO,Trading products (old structure),4507000238,Purchase order,vendorID_0118,Standard,"3-way match, invoice before GR",PR,sourceSystemID_0000,vendor_0117,False,70,4507000238_00070,True,user_036,user_036,Create Purchase Order Item,31.0,02-01-2018 07:47:00.000
1632087572480,Trading & End Products,companyID_0000,Standard PO,Trading products (old structure),4507000238,Purchase order,vendorID_0118,Standard,"3-way match, invoice before GR",PR,sourceSystemID_0000,vendor_0117,False,60,4507000238_00060,True,user_036,user_036,Create Purchase Order Item,70.0,02-01-2018 07:47:00.000
1627792605184,Trading & End Products,companyID_0000,Standard PO,Trading products (old structure),4507000238,Purchase order,vendorID_0118,Standard,"3-way match, invoice before GR",PR,sourceSystemID_0000,vendor_0117,False,50,4507000238_00050,True,user_036,user_036,Create Purchase Order Item,70.0,02-01-2018 07:47:00.000
1623497637888,Trading & End Products,companyID_0000,Standard PO,Trading products (old structure),4507000238,Purchase order,vendorID_0118,Standard,"3-way match, invoice before GR",PR,sourceSystemID_0000,vendor_0117,False,40,4507000238_00040,True,user_036,user_036,Create Purchase Order Item,70.0,02-01-2018 07:47:00.000
1619202670592,Trading & End Products,companyID_0000,Standard PO,Trading products (old structure),4507000238,Purchase order,vendorID_0118,Standard,"3-way match, invoice before GR",PR,sourceSystemID_0000,vendor_0117,False,30,4507000238_00030,True,user_036,user_036,Create Purchase Order Item,110.0,02-01-2018 07:47:00.000
1614907703296,Trading & End Products,companyID_0000,Standard PO,Trading products (old structure),4507000238,Purchase order,vendorID_0118,Standard,"3-way match, invoice before GR",PR,sourceSystemID_0000,vendor_0117,False,20,4507000238_00020,True,user_036,user_036,Create Purchase Order Item,35.0,02-01-2018 07:47:00.000
1610612736000,Trading & End Products,companyID_0000,Standard PO,Trading products (old structure),4507000238,Purchase order,vendorID_0118,Standard,"3-way match, invoice before GR",PR,sourceSystemID_0000,vendor_0117,False,10,4507000238_00010,True,user_036,user_036,Create Purchase Order Item,88.0,02-01-2018 07:47:00.000
1662152343552,Trading & End Products,companyID_0000,Standard PO,Trading products (old structure),4507000238,Purchase order,vendorID_0118,Standard,"3-way match, invoice before GR",PR,sourceSystemID_0000,vendor_0117,False,130,4507000238_00130,True,user_036,user_036,Create Purchase Order Item,44.0,02-01-2018 07:47:00.000
1666447310848,Trading & End Products,companyID_0000,Standard PO,Trading products (old structure),4507000238,Purchase order,vendorID_0118,Standard,"3-way match, invoice before GR",PR,sourceSystemID_0000,vendor_0117,False,140,4507000238_00140,True,user_036,user_036,Create Purchase Order Item,22.0,02-01-2018 07:47:00.000
1670742278144,Trading & End Products,companyID_0000,Standard PO,Trading products (old structure),4507000238,Purchase order,vendorID_0118,Standard,"3-way match, invoice before GR",PR,sourceSystemID_0000,vendor_0117,False,150,4507000238_00150,True,user_036,user_036,Create Purchase Order Item,884.0,02-01-2018 07:47:00.000
1675037245440,Trading & End Products,companyID_0000,Standard PO,Trading products (old structure),4507000238,Purchase order,vendorID_0118,Standard,"3-way match, invoice before GR",PR,sourceSystemID_0000,vendor_0117,False,160,4507000238_00160,True,user_036,user_036,Create Purchase Order Item,136.0,02-01-2018 07:47:00.000
1679332212736,Trading & End Products,companyID_0000,Standard PO,Trading products (old structure),4507000238,Purchase order,vendorID_0118,Standard,"3-way match, invoice before GR",PR,sourceSystemID_0000,vendor_0117,False,170,4507000238_00170,True,user_036,user_036,Create Purchase Order Item,306.0,02-01-2018 07:47:00.000
1683627180032,Trading & End Products,companyID_0000,Standard PO,Trading products (old structure),4507000238,Purchase order,vendorID_0118,Standard,"3-way match, invoice before GR",PR,sourceSystemID_0000,vendor_0117,False,180,4507000238_00180,True,user_036,user_036,Create Purchase Order Item,53.0,02-01-2018 07:47:00.000
1687922147328,Trading & End Products,companyID_0000,Standard PO,Trading products (old structure),4507000238,Purchase order,vendorID_0118,Standard,"3-way match, invoice before GR",PR,sourceSystemID_0000,vendor_0117,False,190,4507000238_00190,True,user_036,user_036,Create Purchase Order Item,100.0,02-01-2018 07:47:00.000
1692217114624,Trading & End Products,companyID_0000,Standard PO,Trading products (old structure),4507000238,Purchase order,vendorID_0118,Standard,"3-way match, invoice before GR",PR,sourceSystemID_0000,vendor_0117,False,200,4507000238_00200,True,user_036,user_036,Create Purchase Order Item,32.0,02-01-2018 07:47:00.000
1696512081920,Trading & End Products,companyID_0000,Standard PO,Trading products (old structure),4507000238,Purchase order,vendorID_0118,Standard,"3-way match, invoice before GR",PR,sourceSystemID_0000,vendor_0117,False,210,4507000238_00210,True,user_036,user_036,Create Purchase Order Item,16.0,02-01-2018 07:47:00.000
1700807049216,Trading & End Products,companyID_0000,Standard PO,Trading products (old structure),4507000238,Purchase order,vendorID_0118,Standard,"3-way match, invoice before GR",PR,sourceSystemID_0000,vendor_0117,False,220,4507000238_00220,True,user_036,user_036,Create Purchase Order Item,48.0,02-01-2018 07:47:00.000
1855425871872,Trading & End Products,companyID_0000,Standard PO,Trading products (old structure),4507000238,Purchase order,vendorID_0118,Standard,"3-way match, invoice before GR",PR,sourceSystemID_0000,vendor_0117,False,580,4507000238_00580,True,user_036,user_036,Create Purchase Order Item,68.0,02-01-2018 07:47:00.000
1705102016512,Trading & End Products,companyID_0000,Standard PO,Trading products (old structure),4507000238,Purchase order,vendorID_0118,Standard,"3-way match, invoice before GR",PR,sourceSystemID_0000,vendor_0117,False,230,4507000238_00230,True,user_036,user_036,Create Purchase Order Item,48.0,02-01-2018 07:47:00.000
1851130904576,Sales,companyID_0000,Standard PO,Products for Resale,4507000238,Purchase order,vendorID_0118,Standard,"3-way match, invoice before GR",NPR,sourceSystemID_0000,vendor_0117,False,570,4507000238_00570,True,user_036,user_036,Create Purchase Order Item,70.0,02-01-2018 07:47:00.000
1709396983808,Trading & End Products,companyID_0000,Standard PO,Trading products (old structure),4507000238,Purchase order,vendorID_0118,Standard,"3-way match, invoice before GR",PR,sourceSystemID_0000,vendor_0117,False,240,4507000238_00240,True,user_036,user_036,Create Purchase Order Item,514.0,02-01-2018 07:47:00.000
1859720839168,Sales,companyID_0000,Standard PO,Products for Resale,4507000239,Purchase order,vendorID_0119,Standard,"3-way match, invoice before GR",NPR,sourceSystemID_0000,vendor_0118,False,10,4507000239_00010,True,user_036,user_036,Create Purchase Order Item,33.0,02-01-2018 07:48:00.000
1885490642944,Sales,companyID_0000,Standard PO,Products for Resale,4507000239,Purchase order,vendorID_0119,Standard,"3-way match, invoice before GR",NPR,sourceSystemID_0000,vendor_0118,False,70,4507000239_00070,True,user_036,user_036,Create Purchase Order Item,53.0,02-01-2018 07:48:00.000
1881195675648,Sales,companyID_0000,Standard PO,Products for Resale,4507000239,Purchase order,vendorID_0119,Standard,"3-way match, invoice before GR",NPR,sourceSystemID_0000,vendor_0118,False,60,4507000239_00060,True,user_036,user_036,Create Purchase Order Item,133.0,02-01-2018 07:48:00.000
1876900708352,Sales,companyID_0000,Standard PO,Products for Resale,4507000239,Purchase order,vendorID_0119,Standard,"3-way match, invoice before GR",NPR,sourceSystemID_0000,vendor_0118,False,50,4507000239_00050,True,user_036,user_036,Create Purchase Order Item,537.0,02-01-2018 07:48:00.000
1872605741056,Sales,companyID_0000,Standard PO,Products for Resale,4507000239,Purchase order,vendorID_0119,Standard,"3-way match, invoice before GR",NPR,sourceSystemID_0000,vendor_0118,False,40,4507000239_00040,True,user_036,user_036,Create Purchase Order Item,61.0,02-01-2018 07:48:00.000
1868310773760,Sales,companyID_0000,Standard PO,Products for Resale,4507000239,Purchase order,vendorID_0119,Standard,"3-way match, invoice after GR",NPR,sourceSystemID_0000,vendor_0118,True,30,4507000239_00030,True,user_036,user_036,Create Purchase Order Item,50.0,02-01-2018 07:48:00.000
1864015806464,Sales,companyID_0000,Standard PO,Products for Resale,4507000239,Purchase order,vendorID_0119,Standard,"3-way match, invoice before GR",NPR,sourceSystemID_0000,vendor_0118,False,20,4507000239_00020,True,user_036,user_036,Create Purchase Order Item,82.0,02-01-2018 07:48:00.000
1889785610240,Sales,companyID_0000,Standard PO,Products for Resale,4507000239,Purchase order,vendorID_0119,Standard,"3-way match, invoice after GR",NPR,sourceSystemID_0000,vendor_0118,True,80,4507000239_00080,True,user_036,user_036,Create Purchase Order Item,103.0,02-01-2018 07:48:00.000
1911260446720,Packaging,companyID_0000,Standard PO,Labels,4507000244,Purchase order,vendorID_0120,Standard,"3-way match, invoice before GR",PR,sourceSystemID_0000,vendor_0119,False,1,4507000244_00001,True,batch_00,batch_00,Create Purchase Order Item,287.0,02-01-2018 08:05:00.000
1906965479425,Packaging,companyID_0000,Standard PO,Labels,4507000243,Purchase order,vendorID_0120,Standard,"3-way match, invoice before GR",PR,sourceSystemID_0000,vendor_0119,False,1,4507000243_00001,True,batch_00,batch_00,Receive Order Confirmation,223.0,02-01-2018 08:05:00.000
1906965479424,Packaging,companyID_0000,Standard PO,Labels,4507000243,Purchase order,vendorID_0120,Standard,"3-way match, invoice before GR",PR,sourceSystemID_0000,vendor_0119,False,1,4507000243_00001,True,batch_00,batch_00,Create Purchase Order Item,223.0,02-01-2018 08:05:00.000
1902670512129,Packaging,companyID_0000,Standard PO,Labels,4507000242,Purchase order,vendorID_0120,Standard,"3-way match, invoice before GR",PR,sourceSystemID_0000,vendor_0119,False,1,4507000242_00001,True,batch_00,batch_00,Receive Order Confirmation,156.0,02-01-2018 08:05:00.000
1902670512128,Packaging,companyID_0000,Standard PO,Labels,4507000242,Purchase order,vendorID_0120,Standard,"3-way match, invoice before GR",PR,sourceSystemID_0000,vendor_0119,False,1,4507000242_00001,True,batch_00,batch_00,Create Purchase Order Item,156.0,02-01-2018 08:05:00.000
1898375544833,Packaging,companyID_0000,Standard PO,Labels,4507000241,Purchase order,vendorID_0120,Standard,"3-way match, invoice before GR",PR,sourceSystemID_0000,vendor_0119,False,1,4507000241_00001,True,batch_00,batch_00,Receive Order Confirmation,153.0,02-01-2018 08:05:00.000
1894080577536,Packaging,companyID_0000,Standard PO,Labels,4507000240,Purchase order,vendorID_0120,Standard,"3-way match, invoice before GR",PR,sourceSystemID_0000,vendor_0119,False,1,4507000240_00001,True,batch_00,batch_00,Create Purchase Order Item,110.0,02-01-2018 08:05:00.000
1898375544832,Packaging,companyID_0000,Standard PO,Labels,4507000241,Purchase order,vendorID_0120,Standard,"3-way match, invoice before GR",PR,sourceSystemID_0000,vendor_0119,False,1,4507000241_00001,True,batch_00,batch_00,Create Purchase Order Item,153.0,02-01-2018 08:05:00.000
1894080577537,Packaging,companyID_0000,Standard PO,Labels,4507000240,Purchase order,vendorID_0120,Standard,"3-way match, invoice before GR",PR,sourceSystemID_0000,vendor_0119,False,1,4507000240_00001,True,batch_00,batch_00,Receive Order Confirmation,110.0,02-01-2018 08:05:00.000
1919850381313,Packaging,companyID_0000,Standard PO,Labels,4507000246,Purchase order,vendorID_0120,Standard,"3-way match, invoice before GR",PR,sourceSystemID_0000,vendor_0119,False,1,4507000246_00001,True,batch_00,batch_00,Receive Order Confirmation,68.0,02-01-2018 08:05:00.000
1919850381312,Packaging,companyID_0000,Standard PO,Labels,4507000246,Purchase order,vendorID_0120,Standard,"3-way match, invoice before GR",PR,sourceSystemID_0000,vendor_0119,False,1,4507000246_00001,True,batch_00,batch_00,Create Purchase Order Item,68.0,02-01-2018 08:05:00.000
1915555414017,Packaging,companyID_0000,Standard PO,Labels,4507000245,Purchase order,vendorID_0120,Standard,"3-way match, invoice before GR",PR,sourceSystemID_0000,vendor_0119,False,1,4507000245_00001,True,batch_00,batch_00,Receive Order Confirmation,127.0,02-01-2018 08:05:00.000
1915555414016,Packaging,companyID_0000,Standard PO,Labels,4507000245,Purchase order,vendorID_0120,Standard,"3-way match, invoice before GR",PR,sourceSystemID_0000,vendor_0119,False,1,4507000245_00001,True,batch_00,batch_00,Create Purchase Order Item,127.0,02-01-2018 08:05:00.000
1911260446721,Packaging,companyID_0000,Standard PO,Labels,4507000244,Purchase order,vendorID_0120,Standard,"3-way match, invoice before GR",PR,sourceSystemID_0000,vendor_0119,False,1,4507000244_00001,True,batch_00,batch_00,Receive Order Confirmation,287.0,02-01-2018 08:05:00.000
1928440315904,Packaging,companyID_0000,Standard PO,Labels,4507000248,Purchase order,vendorID_0120,Standard,"3-way match, invoice before GR",PR,sourceSystemID_0000,vendor_0119,False,1,4507000248_00001,True,batch_00,batch_00,Create Purchase Order Item,188.0,02-01-2018 08:10:00.000
1924145348609,Packaging,companyID_0000,Standard PO,Labels,4507000247,Purchase order,vendorID_0120,Standard,"3-way match, invoice before GR",PR,sourceSystemID_0000,vendor_0119,False,1,4507000247_00001,True,batch_00,batch_00,Receive Order Confirmation,127.0,02-01-2018 08:10:00.000
1928440315905,Packaging,companyID_0000,Standard PO,Labels,4507000248,Purchase order,vendorID_0120,Standard,"3-way match, invoice before GR",PR,sourceSystemID_0000,vendor_0119,False,1,4507000248_00001,True,batch_00,batch_00,Receive Order Confirmation,188.0,02-01-2018 08:10:00.000
1932735283200,Packaging,companyID_0000,Standard PO,Labels,4507000249,Purchase order,vendorID_0120,Standard,"3-way match, invoice before GR",PR,sourceSystemID_0000,vendor_0119,False,1,4507000249_00001,True,batch_00,batch_00,Create Purchase Order Item,242.0,02-01-2018 08:10:00.000
1924145348608,Packaging,companyID_0000,Standard PO,Labels,4507000247,Purchase order,vendorID_0120,Standard,"3-way match, invoice before GR",PR,sourceSystemID_0000,vendor_0119,False,1,4507000247_00001,True,batch_00,batch_00,Create Purchase Order Item,127.0,02-01-2018 08:10:00.000
1932735283201,Packaging,companyID_0000,Standard PO,Labels,4507000249,Purchase order,vendorID_0120,Standard,"3-way match, invoice before GR",PR,sourceSystemID_0000,vendor_0119,False,1,4507000249_00001,True,batch_00,batch_00,Receive Order Confirmation,242.0,02-01-2018 08:10:00.000
1937030250496,Sales,companyID_0000,Standard PO,Products for Resale,4507000250,Purchase order,vendorID_0121,Standard,"3-way match, invoice before GR",NPR,sourceSystemID_0000,vendor_0120,False,10,4507000250_00010,True,user_038,user_038,Create Purchase Order Item,1060.0,02-01-2018 08:11:00.000
1954210119680,CAPEX & SOCS,companyID_0000,Standard PO,Laboratory Supplies & Services,4507000251,Purchase order,vendorID_0122,Standard,"3-way match, invoice before GR",NPR,sourceSystemID_0000,vendor_0121,False,30,4507000251_00030,True,user_038,user_038,Create Purchase Order Item,3389.0,02-01-2018 08:14:00.000
1949915152384,CAPEX & SOCS,companyID_0000,Standard PO,Laboratory Supplies & Services,4507000251,Purchase order,vendorID_0122,Standard,"3-way match, invoice before GR",NPR,sourceSystemID_0000,vendor_0121,False,20,4507000251_00020,True,user_038,user_038,Create Purchase Order Item,2840.0,02-01-2018 08:14:00.000
1945620185088,CAPEX & SOCS,companyID_0000,Standard PO,Laboratory Supplies & Services,4507000251,Purchase order,vendorID_0122,Standard,"3-way match, invoice before GR",NPR,sourceSystemID_0000,vendor_0121,False,10,4507000251_00010,True,user_038,user_038,Create Purchase Order Item,771.0,02-01-2018 08:14:00.000
1967095021568,Sales,companyID_0000,Standard PO,Products for Resale,4507000252,Purchase order,vendorID_0123,Standard,"3-way match, invoice before GR",NPR,sourceSystemID_0000,vendor_0122,False,30,4507000252_00030,True,user_038,user_038,Create Purchase Order Item,6525.0,02-01-2018 08:25:00.000
1958505086976,Sales,companyID_0000,Standard PO,Products for Resale,4507000252,Purchase order,vendorID_0123,Standard,"3-way match, invoice before GR",NPR,sourceSystemID_0000,vendor_0122,False,10,4507000252_00010,True,user_038,user_038,Create Purchase Order Item,6525.0,02-01-2018 08:25:00.000
1962800054272,Sales,companyID_0000,Standard PO,Products for Resale,4507000252,Purchase order,vendorID_0123,Standard,"3-way match, invoice before GR",NPR,sourceSystemID_0000,vendor_0122,False,20,4507000252_00020,True,user_038,user_038,Create Purchase Order Item,6525.0,02-01-2018 08:25:00.000
1971389988864,Sales,companyID_0000,Standard PO,Products for Resale,4507000252,Purchase order,vendorID_0123,Standard,"3-way match, invoice before GR",NPR,sourceSystemID_0000,vendor_0122,False,40,4507000252_00040,True,user_038,user_038,Create Purchase Order Item,6525.0,02-01-2018 08:25:00.000
1975684956160,Sales,companyID_0000,Standard PO,Products for Resale,4507000252,Purchase order,vendorID_0123,Standard,"3-way match, invoice before GR",NPR,sourceSystemID_0000,vendor_0122,False,50,4507000252_00050,True,user_038,user_038,Create Purchase Order Item,6525.0,02-01-2018 08:25:00.000
1979979923456,Sales,companyID_0000,Standard PO,Products for Resale,4507000252,Purchase order,vendorID_0123,Standard,"3-way match, invoice before GR",NPR,sourceSystemID_0000,vendor_0122,False,60,4507000252_00060,True,user_038,user_038,Create Purchase Order Item,6116.0,02-01-2018 08:25:00.000
1984274890752,Sales,companyID_0000,Standard PO,Products for Resale,4507000252,Purchase order,vendorID_0123,Standard,"3-way match, invoice before GR",NPR,sourceSystemID_0000,vendor_0122,False,70,4507000252_00070,True,user_038,user_038,Create Purchase Order Item,6116.0,02-01-2018 08:25:00.000
1988569858048,Sales,companyID_0000,Standard PO,Products for Resale,4507000252,Purchase order,vendorID_0123,Standard,"3-way match, invoice before GR",NPR,sourceSystemID_0000,vendor_0122,False,80,4507000252_00080,True,user_038,user_038,Create Purchase Order Item,6116.0,02-01-2018 08:25:00.000
1992864825344,Sales,companyID_0000,Standard PO,Products for Resale,4507000252,Purchase order,vendorID_0123,Standard,"3-way match, invoice before GR",NPR,sourceSystemID_0000,vendor_0122,False,90,4507000252_00090,True,user_038,user_038,Create Purchase Order Item,6116.0,02-01-2018 08:25:00.000
1997159792640,Sales,companyID_0000,Standard PO,Products for Resale,4507000252,Purchase order,vendorID_0123,Standard,"3-way match, invoice before GR",NPR,sourceSystemID_0000,vendor_0122,False,100,4507000252_00100,True,user_038,user_038,Create Purchase Order Item,6116.0,02-01-2018 08:25:00.000
2014339661824,Additives,companyID_0000,Standard PO,Defoamers & Antifoams,4507000253,Purchase order,vendorID_0124,Standard,"3-way match, invoice before GR",PR,sourceSystemID_0000,vendor_0123,False,10,4507000253_00010,True,user_033,user_033,Create Purchase Order Item,6734.0,02-01-2018 08:30:00.000
2018634629120,Sales,companyID_0000,Standard PO,Products for Resale,4507000254,Purchase order,vendorID_0123,Standard,"3-way match, invoice before GR",NPR,sourceSystemID_0000,vendor_0122,False,10,4507000254_00010,True,user_038,user_038,Create Purchase Order Item,34.0,02-01-2018 08:31:00.000
2022929596416,Sales,companyID_0000,Standard PO,Products for Resale,4507000254,Purchase order,vendorID_0123,Standard,"3-way match, invoice before GR",NPR,sourceSystemID_0000,vendor_0122,False,20,4507000254_00020,True,user_038,user_038,Create Purchase Order Item,115.0,02-01-2018 08:31:00.000
2027224563712,Sales,companyID_0000,Standard PO,Products for Resale,4507000254,Purchase order,vendorID_0123,Standard,"3-way match, invoice before GR",NPR,sourceSystemID_0000,vendor_0122,False,30,4507000254_00030,True,user_038,user_038,Create Purchase Order Item,313.0,02-01-2018 08:31:00.000
2031519531008,Sales,companyID_0000,Standard PO,Products for Resale,4507000254,Purchase order,vendorID_0123,Standard,"3-way match, invoice before GR",NPR,sourceSystemID_0000,vendor_0122,False,40,4507000254_00040,True,user_038,user_038,Create Purchase Order Item,438.0,02-01-2018 08:31:00.000
2035814498304,Sales,companyID_0000,Standard PO,Products for Resale,4507000254,Purchase order,vendorID_0123,Standard,"3-way match, invoice before GR",NPR,sourceSystemID_0000,vendor_0122,False,50,4507000254_00050,True,user_038,user_038,Create Purchase Order Item,438.0,02-01-2018 08:31:00.000
2040109465600,Sales,companyID_0000,Standard PO,Products for Resale,4507000254,Purchase order,vendorID_0123,Standard,"3-way match, invoice before GR",NPR,sourceSystemID_0000,vendor_0122,False,60,4507000254_00060,True,user_038,user_038,Create Purchase Order Item,0.0,02-01-2018 08:31:00.000
2044404432896,Packaging,companyID_0000,Standard PO,Metal Containers & Lids < 30L,4507000255,Purchase order,vendorID_0125,Standard,"3-way match, invoice before GR",PR,sourceSystemID_0000,vendor_0124,False,10,4507000255_00010,True,user_033,user_033,Create Purchase Order Item,238.0,02-01-2018 08:50:00.000
2048699400192,Packaging,companyID_0000,Standard PO,Metal Containers & Lids < 30L,4507000255,Purchase order,vendorID_0125,Standard,"3-way match, invoice before GR",PR,sourceSystemID_0000,vendor_0124,False,20,4507000255_00020,True,user_033,user_033,Create Purchase Order Item,238.0,02-01-2018 08:50:00.000
2052994367488,Packaging,companyID_0000,Standard PO,Metal Containers & Lids < 30L,4507000255,Purchase order,vendorID_0125,Standard,"3-way match, invoice before GR",PR,sourceSystemID_0000,vendor_0124,False,30,4507000255_00030,True,user_033,user_033,Create Purchase Order Item,1132.0,02-01-2018 08:50:00.000
2057289334784,Packaging,companyID_0000,Standard PO,Metal Containers & Lids < 30L,4507000255,Purchase order,vendorID_0125,Standard,"3-way match, invoice before GR",PR,sourceSystemID_0000,vendor_0124,False,40,4507000255_00040,True,user_033,user_033,Create Purchase Order Item,932.0,02-01-2018 08:50:00.000
2061584302080,Packaging,companyID_0000,Standard PO,Metal Containers & Lids < 30L,4507000255,Purchase order,vendorID_0125,Standard,"3-way match, invoice before GR",PR,sourceSystemID_0000,vendor_0124,False,50,4507000255_00050,True,user_033,user_033,Create Purchase Order Item,559.0,02-01-2018 08:50:00.000
2065879269376,Additives,companyID_0000,Standard PO,Extenders,4507000256,Purchase order,vendorID_0126,Consignment,Consignment,PR,sourceSystemID_0000,vendor_0125,False,10,4507000256_00010,True,user_043,user_043,Create Purchase Order Item,0.0,02-01-2018 08:51:00.000
2091649073152,Sales,companyID_0000,Standard PO,Products for Resale,4507000257,Purchase order,vendorID_0127,Standard,"3-way match, invoice before GR",NPR,sourceSystemID_0000,vendor_0126,False,60,4507000257_00060,True,user_045,user_045,Create Purchase Order Item,436.0,02-01-2018 09:04:00.000
2138893713408,Sales,companyID_0000,Standard PO,Products for Resale,4507000257,Purchase order,vendorID_0127,Standard,"3-way match, invoice before GR",NPR,sourceSystemID_0000,vendor_0126,False,170,4507000257_00170,True,user_045,user_045,Create Purchase Order Item,746.0,02-01-2018 09:04:00.000
2134598746112,Sales,companyID_0000,Standard PO,Products for Resale,4507000257,Purchase order,vendorID_0127,Standard,"3-way match, invoice before GR",NPR,sourceSystemID_0000,vendor_0126,False,160,4507000257_00160,True,user_045,user_045,Create Purchase Order Item,1064.0,02-01-2018 09:04:00.000
2130303778816,Sales,companyID_0000,Standard PO,Products for Resale,4507000257,Purchase order,vendorID_0127,Standard,"3-way match, invoice before GR",NPR,sourceSystemID_0000,vendor_0126,False,150,4507000257_00150,True,user_045,user_045,Create Purchase Order Item,240.0,02-01-2018 09:04:00.000
2126008811520,Sales,companyID_0000,Standard PO,Products for Resale,4507000257,Purchase order,vendorID_0127,Standard,"3-way match, invoice before GR",NPR,sourceSystemID_0000,vendor_0126,False,140,4507000257_00140,True,user_045,user_045,Create Purchase Order Item,1103.0,02-01-2018 09:04:00.000
2121713844224,Sales,companyID_0000,Standard PO,Products for Resale,4507000257,Purchase order,vendorID_0127,Standard,"3-way match, invoice before GR",NPR,sourceSystemID_0000,vendor_0126,False,130,4507000257_00130,True,user_045,user_045,Create Purchase Order Item,883.0,02-01-2018 09:04:00.000
2117418876928,Sales,companyID_0000,Standard PO,Products for Resale,4507000257,Purchase order,vendorID_0127,Standard,"3-way match, invoice before GR",NPR,sourceSystemID_0000,vendor_0126,False,120,4507000257_00120,True,user_045,user_045,Create Purchase Order Item,536.0,02-01-2018 09:04:00.000
2113123909632,Sales,companyID_0000,Standard PO,Products for Resale,4507000257,Purchase order,vendorID_0127,Standard,"3-way match, invoice before GR",NPR,sourceSystemID_0000,vendor_0126,False,110,4507000257_00110,True,user_045,user_045,Create Purchase Order Item,635.0,02-01-2018 09:04:00.000
2108828942336,Sales,companyID_0000,Standard PO,Products for Resale,4507000257,Purchase order,vendorID_0127,Standard,"3-way match, invoice before GR",NPR,sourceSystemID_0000,vendor_0126,False,100,4507000257_00100,True,user_045,user_045,Create Purchase Order Item,650.0,02-01-2018 09:04:00.000
2104533975040,Sales,companyID_0000,Standard PO,Products for Resale,4507000257,Purchase order,vendorID_0127,Standard,"3-way match, invoice before GR",NPR,sourceSystemID_0000,vendor_0126,False,90,4507000257_00090,True,user_045,user_045,Create Purchase Order Item,317.0,02-01-2018 09:04:00.000
2100239007744,Sales,companyID_0000,Standard PO,Products for Resale,4507000257,Purchase order,vendorID_0127,Standard,"3-way match, invoice before GR",NPR,sourceSystemID_0000,vendor_0126,False,80,4507000257_00080,True,user_045,user_045,Create Purchase Order Item,4082.0,02-01-2018 09:04:00.000
2095944040448,Sales,companyID_0000,Standard PO,Products for Resale,4507000257,Purchase order,vendorID_0127,Standard,"3-way match, invoice before GR",NPR,sourceSystemID_0000,vendor_0126,False,70,4507000257_00070,True,user_045,user_045,Create Purchase Order Item,1307.0,02-01-2018 09:04:00.000
2087354105856,Sales,companyID_0000,Standard PO,Products for Resale,4507000257,Purchase order,vendorID_0127,Standard,"3-way match, invoice before GR",NPR,sourceSystemID_0000,vendor_0126,False,50,4507000257_00050,True,user_045,user_045,Create Purchase Order Item,816.0,02-01-2018 09:04:00.000
2083059138560,Sales,companyID_0000,Standard PO,Products for Resale,4507000257,Purchase order,vendorID_0127,Standard,"3-way match, invoice before GR",NPR,sourceSystemID_0000,vendor_0126,False,40,4507000257_00040,True,user_045,user_045,Create Purchase Order Item,577.0,02-01-2018 09:04:00.000
2078764171264,Sales,companyID_0000,Standard PO,Products for Resale,4507000257,Purchase order,vendorID_0127,Standard,"3-way match, invoice before GR",NPR,sourceSystemID_0000,vendor_0126,False,30,4507000257_00030,True,user_045,user_045,Create Purchase Order Item,200.0,02-01-2018 09:04:00.000
2074469203968,Sales,companyID_0000,Standard PO,Products for Resale,4507000257,Purchase order,vendorID_0127,Standard,"3-way match, invoice before GR",NPR,sourceSystemID_0000,vendor_0126,False,20,4507000257_00020,True,user_045,user_045,Create Purchase Order Item,478.0,02-01-2018 09:04:00.000
2070174236672,Sales,companyID_0000,Standard PO,Products for Resale,4507000257,Purchase order,vendorID_0127,Standard,"3-way match, invoice before GR",NPR,sourceSystemID_0000,vendor_0126,False,10,4507000257_00010,True,user_045,user_045,Create Purchase Order Item,1054.0,02-01-2018 09:04:00.000
2164663517184,Sales,companyID_0000,Standard PO,Products for Resale,4507000259,Purchase order,vendorID_0128,Standard,"3-way match, invoice before GR",NPR,sourceSystemID_0000,vendor_0127,False,50,4507000259_00050,True,user_045,user_045,Create Purchase Order Item,4637.0,02-01-2018 09:10:00.000
2143188680704,Packaging,companyID_0000,Standard PO,Labels,4507000258,Purchase order,vendorID_0120,Standard,"3-way match, invoice before GR",PR,sourceSystemID_0000,vendor_0119,False,1,4507000258_00001,True,batch_00,batch_00,Create Purchase Order Item,465.0,02-01-2018 09:10:00.000
2143188680705,Packaging,companyID_0000,Standard PO,Labels,4507000258,Purchase order,vendorID_0120,Standard,"3-way match, invoice before GR",PR,sourceSystemID_0000,vendor_0119,False,1,4507000258_00001,True,batch_00,batch_00,Receive Order Confirmation,465.0,02-01-2018 09:10:00.000
2147483648000,Sales,companyID_0000,Standard PO,Products for Resale,4507000259,Purchase order,vendorID_0128,Standard,"3-way match, invoice before GR",NPR,sourceSystemID_0000,vendor_0127,False,10,4507000259_00010,True,user_045,user_045,Create Purchase Order Item,511.0,02-01-2018 09:10:00.000
2151778615296,Sales,companyID_0000,Standard PO,Products for Resale,4507000259,Purchase order,vendorID_0128,Standard,"3-way match, invoice before GR",NPR,sourceSystemID_0000,vendor_0127,False,20,4507000259_00020,True,user_045,user_045,Create Purchase Order Item,2101.0,02-01-2018 09:10:00.000
2156073582592,Sales,companyID_0000,Standard PO,Products for Resale,4507000259,Purchase order,vendorID_0128,Standard,"3-way match, invoice before GR",NPR,sourceSystemID_0000,vendor_0127,False,30,4507000259_00030,True,user_045,user_045,Create Purchase Order Item,2801.0,02-01-2018 09:10:00.000
2160368549888,Sales,companyID_0000,Standard PO,Products for Resale,4507000259,Purchase order,vendorID_0128,Standard,"3-way match, invoice before GR",NPR,sourceSystemID_0000,vendor_0127,False,40,4507000259_00040,True,user_045,user_045,Create Purchase Order Item,700.0,02-01-2018 09:10:00.000
2177548419072,Sales,companyID_0000,Standard PO,Mixing Machines,4507000260,Purchase order,vendorID_0129,Standard,"3-way match, invoice before GR",NPR,sourceSystemID_0000,vendor_0128,False,30,4507000260_00030,True,user_045,user_045,Create Purchase Order Item,30.0,02-01-2018 09:14:00.000
2173253451776,Sales,companyID_0000,Standard PO,Mixing Machines,4507000260,Purchase order,vendorID_0129,Standard,"3-way match, invoice before GR",NPR,sourceSystemID_0000,vendor_0128,False,20,4507000260_00020,True,user_045,user_045,Create Purchase Order Item,64.0,02-01-2018 09:14:00.000
2168958484480,Sales,companyID_0000,Standard PO,Mixing Machines,4507000260,Purchase order,vendorID_0129,Standard,"3-way match, invoice before GR",NPR,sourceSystemID_0000,vendor_0128,False,10,4507000260_00010,True,user_045,user_045,Create Purchase Order Item,1203.0,02-01-2018 09:14:00.000
2190433320960,Sales,companyID_0000,Standard PO,Mixing Machines,4507000260,Purchase order,vendorID_0129,Standard,"3-way match, invoice before GR",NPR,sourceSystemID_0000,vendor_0128,False,60,4507000260_00060,True,user_045,user_045,Create Purchase Order Item,85.0,02-01-2018 09:14:00.000
2186138353664,Sales,companyID_0000,Standard PO,Mixing Machines,4507000260,Purchase order,vendorID_0129,Standard,"3-way match, invoice before GR",NPR,sourceSystemID_0000,vendor_0128,False,50,4507000260_00050,True,user_045,user_045,Create Purchase Order Item,85.0,02-01-2018 09:14:00.000
2181843386368,Sales,companyID_0000,Standard PO,Mixing Machines,4507000260,Purchase order,vendorID_0129,Standard,"3-way match, invoice before GR",NPR,sourceSystemID_0000,vendor_0128,False,40,4507000260_00040,True,user_045,user_045,Create Purchase Order Item,99.0,02-01-2018 09:14:00.000
2194728288256,Packaging,companyID_0000,Standard PO,Plastic Containers & Lids < 30L,4507000261,Purchase order,vendorID_0130,Standard,"3-way match, invoice before GR",PR,sourceSystemID_0000,vendor_0129,False,10,4507000261_00010,True,user_033,user_033,Create Purchase Order Item,4723.0,02-01-2018 09:22:00.000
2199023255552,Packaging,companyID_0000,Standard PO,Plastic Film,4507000262,Purchase order,vendorID_0131,Standard,"3-way match, invoice before GR",PR,sourceSystemID_0000,vendor_0130,False,10,4507000262_00010,True,user_033,user_033,Create Purchase Order Item,2117.0,02-01-2018 09:24:00.000
2203318222848,Trading & End Products,companyID_0000,Standard PO,Trading products (old structure),4507000263,Purchase order,vendorID_0132,Standard,"3-way match, invoice before GR",PR,sourceSystemID_0000,vendor_0131,False,10,4507000263_00010,True,user_045,user_045,Create Purchase Order Item,14456.0,02-01-2018 09:27:00.000
2233382993920,Sales,companyID_0000,Standard PO,Products for Resale,4507000264,Purchase order,vendorID_0133,Standard,"3-way match, invoice before GR",NPR,sourceSystemID_0000,vendor_0132,False,70,4507000264_00070,True,user_051,user_051,Create Purchase Order Item,736.0,02-01-2018 09:37:00.000
2211908157440,Sales,companyID_0000,Standard PO,Products for Resale,4507000264,Purchase order,vendorID_0133,Standard,"3-way match, invoice before GR",NPR,sourceSystemID_0000,vendor_0132,False,20,4507000264_00020,True,user_051,user_051,Create Purchase Order Item,203.0,02-01-2018 09:37:00.000
2216203124736,Sales,companyID_0000,Standard PO,Products for Resale,4507000264,Purchase order,vendorID_0133,Standard,"3-way match, invoice before GR",NPR,sourceSystemID_0000,vendor_0132,False,30,4507000264_00030,True,user_051,user_051,Create Purchase Order Item,885.0,02-01-2018 09:37:00.000
2220498092032,Sales,companyID_0000,Standard PO,Products for Resale,4507000264,Purchase order,vendorID_0133,Standard,"3-way match, invoice before GR",NPR,sourceSystemID_0000,vendor_0132,False,40,4507000264_00040,True,user_051,user_051,Create Purchase Order Item,312.0,02-01-2018 09:37:00.000
2224793059328,Sales,companyID_0000,Standard PO,Products for Resale,4507000264,Purchase order,vendorID_0133,Standard,"3-way match, invoice before GR",NPR,sourceSystemID_0000,vendor_0132,False,50,4507000264_00050,True,user_051,user_051,Create Purchase Order Item,272.0,02-01-2018 09:37:00.000
2229088026624,Sales,companyID_0000,Standard PO,Products for Resale,4507000264,Purchase order,vendorID_0133,Standard,"3-way match, invoice before GR",NPR,sourceSystemID_0000,vendor_0132,False,60,4507000264_00060,True,user_051,user_051,Create Purchase Order Item,168.0,02-01-2018 09:37:00.000
2237677961216,Sales,companyID_0000,Standard PO,Products for Resale,4507000264,Purchase order,vendorID_0133,Standard,"3-way match, invoice before GR",NPR,sourceSystemID_0000,vendor_0132,False,80,4507000264_00080,True,user_051,user_051,Create Purchase Order Item,1335.0,02-01-2018 09:37:00.000
2241972928512,Sales,companyID_0000,Standard PO,Products for Resale,4507000264,Purchase order,vendorID_0133,Standard,"3-way match, invoice before GR",NPR,sourceSystemID_0000,vendor_0132,False,90,4507000264_00090,True,user_051,user_051,Create Purchase Order Item,93.0,02-01-2018 09:37:00.000
2246267895808,Sales,companyID_0000,Standard PO,Products for Resale,4507000264,Purchase order,vendorID_0133,Standard,"3-way match, invoice before GR",NPR,sourceSystemID_0000,vendor_0132,False,100,4507000264_00100,True,user_051,user_051,Create Purchase Order Item,340.0,02-01-2018 09:37:00.000
2250562863104,Sales,companyID_0000,Standard PO,Products for Resale,4507000264,Purchase order,vendorID_0133,Standard,"3-way match, invoice before GR",NPR,sourceSystemID_0000,vendor_0132,False,110,4507000264_00110,True,user_051,user_051,Create Purchase Order Item,57.0,02-01-2018 09:37:00.000
2254857830400,Sales,companyID_0000,Standard PO,Products for Resale,4507000264,Purchase order,vendorID_0133,Standard,"3-way match, invoice before GR",NPR,sourceSystemID_0000,vendor_0132,False,120,4507000264_00120,True,user_051,user_051,Create Purchase Order Item,58.0,02-01-2018 09:37:00.000
2259152797696,Sales,companyID_0000,Standard PO,Products for Resale,4507000264,Purchase order,vendorID_0133,Standard,"3-way match, invoice before GR",NPR,sourceSystemID_0000,vendor_0132,False,130,4507000264_00130,True,user_051,user_051,Create Purchase Order Item,3377.0,02-01-2018 09:37:00.000
2263447764992,Sales,companyID_0000,Standard PO,Products for Resale,4507000264,Purchase order,vendorID_0133,Standard,"3-way match, invoice before GR",NPR,sourceSystemID_0000,vendor_0132,False,140,4507000264_00140,True,user_051,user_051,Create Purchase Order Item,655.0,02-01-2018 09:37:00.000
2267742732288,Sales,companyID_0000,Standard PO,Products for Resale,4507000264,Purchase order,vendorID_0133,Standard,"3-way match, invoice before GR",NPR,sourceSystemID_0000,vendor_0132,False,150,4507000264_00150,True,user_051,user_051,Create Purchase Order Item,2884.0,02-01-2018 09:37:00.000
2207613190144,Sales,companyID_0000,Standard PO,Products for Resale,4507000264,Purchase order,vendorID_0133,Standard,"3-way match, invoice before GR",NPR,sourceSystemID_0000,vendor_0132,False,10,4507000264_00010,True,user_051,user_051,Create Purchase Order Item,126.0,02-01-2018 09:37:00.000
1443109011457,Packaging,companyID_0000,Standard PO,Plastic Containers & Lids < 30L,4507000223,Purchase order,vendorID_0104,Standard,"3-way match, invoice before GR",PR,sourceSystemID_0000,vendor_0104,False,10,4507000223_00010,True,user_029,user_029,Receive Order Confirmation,867.0,02-01-2018 09:45:00.000
2276332666880,Packaging,companyID_0000,Standard PO,Plastic Containers & Lids < 30L,4507000265,Purchase order,vendorID_0134,Consignment,Consignment,PR,sourceSystemID_0000,vendor_0133,False,20,4507000265_00020,True,user_052,user_052,Create Purchase Order Item,0.0,02-01-2018 09:51:00.000
2272037699584,Packaging,companyID_0000,Standard PO,Plastic Containers & Lids < 30L,4507000265,Purchase order,vendorID_0134,Consignment,Consignment,PR,sourceSystemID_0000,vendor_0133,False,10,4507000265_00010,True,user_052,user_052,Create Purchase Order Item,0.0,02-01-2018 09:51:00.000
2280627634176,Packaging,companyID_0000,Standard PO,Labels,4507000266,Purchase order,vendorID_0103,Standard,"3-way match, invoice before GR",PR,sourceSystemID_0000,vendor_0103,False,10,4507000266_00010,True,user_054,user_054,Create Purchase Order Item,134.0,02-01-2018 09:53:00.000
2289217568768,Packaging,companyID_0000,Standard PO,Labels,4507000267,Purchase order,vendorID_0103,Standard,"3-way match, invoice before GR",PR,sourceSystemID_0000,vendor_0103,False,30,4507000267_00030,True,user_054,user_054,Create Purchase Order Item,244.0,02-01-2018 09:54:00.000
2284922601472,Packaging,companyID_0000,Standard PO,Labels,4507000267,Purchase order,vendorID_0103,Standard,"3-way match, invoice before GR",PR,sourceSystemID_0000,vendor_0103,False,20,4507000267_00020,True,user_054,user_054,Create Purchase Order Item,244.0,02-01-2018 09:54:00.000
2293512536064,Packaging,companyID_0000,Standard PO,Labels,4507000268,Purchase order,vendorID_0105,Standard,"3-way match, invoice before GR",PR,sourceSystemID_0000,vendor_0105,False,10,4507000268_00010,True,user_054,user_054,Create Purchase Order Item,212.0,02-01-2018 09:56:00.000
2297807503360,Packaging,companyID_0000,Standard PO,Labels,4507000268,Purchase order,vendorID_0105,Standard,"3-way match, invoice before GR",PR,sourceSystemID_0000,vendor_0105,False,20,4507000268_00020,True,user_054,user_054,Create Purchase Order Item,389.0,02-01-2018 09:56:00.000
2310692405248,Sales,companyID_0000,Standard PO,Products for Resale,4507000269,Purchase order,vendorID_0135,Standard,"3-way match, invoice before GR",NPR,sourceSystemID_0000,vendor_0134,False,30,4507000269_00030,True,user_051,user_051,Create Purchase Order Item,349.0,02-01-2018 09:57:00.000
2319282339840,Sales,companyID_0000,Standard PO,Products for Resale,4507000269,Purchase order,vendorID_0135,Standard,"3-way match, invoice before GR",NPR,sourceSystemID_0000,vendor_0134,False,50,4507000269_00050,True,user_051,user_051,Create Purchase Order Item,2743.0,02-01-2018 09:57:00.000
2314987372544,Sales,companyID_0000,Standard PO,Products for Resale,4507000269,Purchase order,vendorID_0135,Standard,"3-way match, invoice before GR",NPR,sourceSystemID_0000,vendor_0134,False,40,4507000269_00040,True,user_051,user_051,Create Purchase Order Item,193.0,02-01-2018 09:57:00.000
2302102470656,Sales,companyID_0000,Standard PO,Products for Resale,4507000269,Purchase order,vendorID_0135,Standard,"3-way match, invoice before GR",NPR,sourceSystemID_0000,vendor_0134,False,10,4507000269_00010,True,user_051,user_051,Create Purchase Order Item,59375.0,02-01-2018 09:57:00.000
2306397437952,Sales,companyID_0000,Standard PO,Products for Resale,4507000269,Purchase order,vendorID_0135,Standard,"3-way match, invoice before GR",NPR,sourceSystemID_0000,vendor_0134,False,20,4507000269_00020,True,user_051,user_051,Create Purchase Order Item,159.0,02-01-2018 09:57:00.000
2357937045504,Packaging,companyID_0000,Standard PO,Labels,4507000270,Purchase order,vendorID_0136,Standard,"3-way match, invoice before GR",PR,sourceSystemID_0000,vendor_0135,False,90,4507000270_00090,True,user_057,user_057,Create Purchase Order Item,531.0,02-01-2018 09:59:00.000
2340757176320,Packaging,companyID_0000,Standard PO,Labels,4507000270,Purchase order,vendorID_0136,Standard,"3-way match, invoice before GR",PR,sourceSystemID_0000,vendor_0135,False,50,4507000270_00050,True,user_057,user_057,Create Purchase Order Item,138.0,02-01-2018 09:59:00.000
2336462209024,Packaging,companyID_0000,Standard PO,Labels,4507000270,Purchase order,vendorID_0136,Standard,"3-way match, invoice before GR",PR,sourceSystemID_0000,vendor_0135,False,40,4507000270_00040,True,user_057,user_057,Create Purchase Order Item,162.0,02-01-2018 09:59:00.000
2332167241728,Packaging,companyID_0000,Standard PO,Labels,4507000270,Purchase order,vendorID_0136,Standard,"3-way match, invoice before GR",PR,sourceSystemID_0000,vendor_0135,False,30,4507000270_00030,True,user_057,user_057,Create Purchase Order Item,196.0,02-01-2018 09:59:00.000
2327872274432,Packaging,companyID_0000,Standard PO,Labels,4507000270,Purchase order,vendorID_0136,Standard,"3-way match, invoice before GR",PR,sourceSystemID_0000,vendor_0135,False,20,4507000270_00020,True,user_057,user_057,Create Purchase Order Item,111.0,02-01-2018 09:59:00.000
2323577307136,Packaging,companyID_0000,Standard PO,Labels,4507000270,Purchase order,vendorID_0136,Standard,"3-way match, invoice before GR",PR,sourceSystemID_0000,vendor_0135,False,10,4507000270_00010,True,user_057,user_057,Create Purchase Order Item,54.0,02-01-2018 09:59:00.000
2345052143616,Packaging,companyID_0000,Standard PO,Labels,4507000270,Purchase order,vendorID_0136,Standard,"3-way match, invoice before GR",PR,sourceSystemID_0000,vendor_0135,False,60,4507000270_00060,True,user_057,user_057,Create Purchase Order Item,166.0,02-01-2018 09:59:00.000
2349347110912,Packaging,companyID_0000,Standard PO,Labels,4507000270,Purchase order,vendorID_0136,Standard,"3-way match, invoice before GR",PR,sourceSystemID_0000,vendor_0135,False,70,4507000270_00070,True,user_057,user_057,Create Purchase Order Item,103.0,02-01-2018 09:59:00.000
2353642078208,Packaging,companyID_0000,Standard PO,Labels,4507000270,Purchase order,vendorID_0136,Standard,"3-way match, invoice before GR",PR,sourceSystemID_0000,vendor_0135,False,80,4507000270_00080,True,user_057,user_057,Create Purchase Order Item,112.0,02-01-2018 09:59:00.000
2362232012800,Packaging,companyID_0000,Standard PO,Labels,4507000270,Purchase order,vendorID_0136,Standard,"3-way match, invoice before GR",PR,sourceSystemID_0000,vendor_0135,False,100,4507000270_00100,True,user_057,user_057,Create Purchase Order Item,602.0,02-01-2018 09:59:00.000
2366526980096,Packaging,companyID_0000,Standard PO,Labels,4507000270,Purchase order,vendorID_0136,Standard,"3-way match, invoice before GR",PR,sourceSystemID_0000,vendor_0135,False,110,4507000270_00110,True,user_057,user_057,Create Purchase Order Item,132.0,02-01-2018 09:59:00.000
2370821947392,Packaging,companyID_0000,Standard PO,Labels,4507000270,Purchase order,vendorID_0136,Standard,"3-way match, invoice before GR",PR,sourceSystemID_0000,vendor_0135,False,120,4507000270_00120,True,user_057,user_057,Create Purchase Order Item,2482.0,02-01-2018 09:59:00.000
2375116914688,Packaging,companyID_0000,Standard PO,Labels,4507000270,Purchase order,vendorID_0136,Standard,"3-way match, invoice before GR",PR,sourceSystemID_0000,vendor_0135,False,130,4507000270_00130,True,user_057,user_057,Create Purchase Order Item,150.0,02-01-2018 09:59:00.000
2379411881984,Packaging,companyID_0000,Standard PO,Labels,4507000270,Purchase order,vendorID_0136,Standard,"3-way match, invoice before GR",PR,sourceSystemID_0000,vendor_0135,False,140,4507000270_00140,True,user_057,user_057,Create Purchase Order Item,223.0,02-01-2018 09:59:00.000
2405181685760,Packaging,companyID_0000,Standard PO,Labels,4507000271,Purchase order,vendorID_0120,Standard,"3-way match, invoice before GR",PR,sourceSystemID_0000,vendor_0119,False,60,4507000271_00060,True,user_057,user_057,Create Purchase Order Item,344.0,02-01-2018 10:00:00.000
2418066587648,Packaging,companyID_0000,Standard PO,Labels,4507000271,Purchase order,vendorID_0120,Standard,"3-way match, invoice before GR",PR,sourceSystemID_0000,vendor_0119,False,90,4507000271_00090,True,user_057,user_057,Create Purchase Order Item,135.0,02-01-2018 10:00:00.000
2396591751168,Packaging,companyID_0000,Standard PO,Labels,4507000271,Purchase order,vendorID_0120,Standard,"3-way match, invoice before GR",PR,sourceSystemID_0000,vendor_0119,False,40,4507000271_00040,True,user_057,user_057,Create Purchase Order Item,202.0,02-01-2018 10:00:00.000
2400886718464,Packaging,companyID_0000,Standard PO,Labels,4507000271,Purchase order,vendorID_0120,Standard,"3-way match, invoice before GR",PR,sourceSystemID_0000,vendor_0119,False,50,4507000271_00050,True,user_057,user_057,Create Purchase Order Item,239.0,02-01-2018 10:00:00.000
2383706849280,Packaging,companyID_0000,Standard PO,Labels,4507000271,Purchase order,vendorID_0120,Standard,"3-way match, invoice before GR",PR,sourceSystemID_0000,vendor_0119,False,10,4507000271_00010,True,user_057,user_057,Create Purchase Order Item,247.0,02-01-2018 10:00:00.000
2413771620352,Packaging,companyID_0000,Standard PO,Labels,4507000271,Purchase order,vendorID_0120,Standard,"3-way match, invoice before GR",PR,sourceSystemID_0000,vendor_0119,False,80,4507000271_00080,True,user_057,user_057,Create Purchase Order Item,307.0,02-01-2018 10:00:00.000
2409476653056,Packaging,companyID_0000,Standard PO,Labels,4507000271,Purchase order,vendorID_0120,Standard,"3-way match, invoice before GR",PR,sourceSystemID_0000,vendor_0119,False,70,4507000271_00070,True,user_057,user_057,Create Purchase Order Item,156.0,02-01-2018 10:00:00.000
2422361554944,Packaging,companyID_0000,Standard PO,Labels,4507000271,Purchase order,vendorID_0120,Standard,"3-way match, invoice before GR",PR,sourceSystemID_0000,vendor_0119,False,100,4507000271_00100,True,user_057,user_057,Create Purchase Order Item,414.0,02-01-2018 10:00:00.000
2388001816576,Packaging,companyID_0000,Standard PO,Labels,4507000271,Purchase order,vendorID_0120,Standard,"3-way match, invoice before GR",PR,sourceSystemID_0000,vendor_0119,False,20,4507000271_00020,True,user_057,user_057,Create Purchase Order Item,399.0,02-01-2018 10:00:00.000
2392296783872,Packaging,companyID_0000,Standard PO,Labels,4507000271,Purchase order,vendorID_0120,Standard,"3-way match, invoice before GR",PR,sourceSystemID_0000,vendor_0119,False,30,4507000271_00030,True,user_057,user_057,Create Purchase Order Item,264.0,02-01-2018 10:00:00.000
2426656522240,Sales,companyID_0000,Standard PO,Products for Resale,4507000272,Purchase order,vendorID_0137,Standard,"3-way match, invoice before GR",NPR,sourceSystemID_0000,vendor_0136,False,10,4507000272_00010,True,user_051,user_051,Create Purchase Order Item,266.0,02-01-2018 10:06:00.000
2443836391424,Sales,companyID_0000,Standard PO,Products for Resale,4507000272,Purchase order,vendorID_0137,Standard,"3-way match, invoice before GR",NPR,sourceSystemID_0000,vendor_0136,False,50,4507000272_00050,True,user_051,user_051,Create Purchase Order Item,981.0,02-01-2018 10:06:00.000
2439541424128,Sales,companyID_0000,Standard PO,Products for Resale,4507000272,Purchase order,vendorID_0137,Standard,"3-way match, invoice before GR",NPR,sourceSystemID_0000,vendor_0136,False,40,4507000272_00040,True,user_051,user_051,Create Purchase Order Item,1272.0,02-01-2018 10:06:00.000
2435246456832,Sales,companyID_0000,Standard PO,Products for Resale,4507000272,Purchase order,vendorID_0137,Standard,"3-way match, invoice before GR",NPR,sourceSystemID_0000,vendor_0136,False,30,4507000272_00030,True,user_051,user_051,Create Purchase Order Item,93.0,02-01-2018 10:06:00.000
2430951489536,Sales,companyID_0000,Standard PO,Products for Resale,4507000272,Purchase order,vendorID_0137,Standard,"3-way match, invoice before GR",NPR,sourceSystemID_0000,vendor_0136,False,20,4507000272_00020,True,user_051,user_051,Create Purchase Order Item,561.0,02-01-2018 10:06:00.000
1889785610241,Sales,companyID_0000,Standard PO,Products for Resale,4507000239,Purchase order,vendorID_0119,Standard,"3-way match, invoice after GR",NPR,sourceSystemID_0000,vendor_0118,True,80,4507000239_00080,True,user_036,user_036,Change Price,103.0,02-01-2018 10:08:00.000
1447403978753,Packaging,companyID_0000,Standard PO,Labels,4507000224,Purchase order,vendorID_0105,Standard,"3-way match, invoice before GR",PR,sourceSystemID_0000,vendor_0105,False,10,4507000224_00010,True,user_029,user_029,Receive Order Confirmation,42.0,02-01-2018 10:24:00.000
2452426326016,Sales,companyID_0000,Standard PO,Products for Resale,4507000273,Purchase order,vendorID_0138,Standard,"3-way match, invoice before GR",NPR,sourceSystemID_0000,vendor_0137,False,20,4507000273_00020,True,user_045,user_045,Create Purchase Order Item,669.0,02-01-2018 10:25:00.000
2448131358720,Sales,companyID_0000,Standard PO,Products for Resale,4507000273,Purchase order,vendorID_0138,Standard,"3-way match, invoice before GR",NPR,sourceSystemID_0000,vendor_0137,False,10,4507000273_00010,True,user_045,user_045,Create Purchase Order Item,528.0,02-01-2018 10:25:00.000
2297807503361,Packaging,companyID_0000,Standard PO,Labels,4507000268,Purchase order,vendorID_0105,Standard,"3-way match, invoice before GR",PR,sourceSystemID_0000,vendor_0105,False,20,4507000268_00020,True,user_029,user_029,Receive Order Confirmation,389.0,02-01-2018 10:29:00.000
2293512536065,Packaging,companyID_0000,Standard PO,Labels,4507000268,Purchase order,vendorID_0105,Standard,"3-way match, invoice before GR",PR,sourceSystemID_0000,vendor_0105,False,10,4507000268_00010,True,user_029,user_029,Receive Order Confirmation,212.0,02-01-2018 10:29:00.000
2456721293312,Additives,companyID_0000,Standard PO,Biocides,4507000274,Purchase order,vendorID_0139,Standard,"3-way match, invoice before GR",PR,sourceSystemID_0000,vendor_0138,False,10,4507000274_00010,True,user_059,user_059,Create Purchase Order Item,1685.0,02-01-2018 10:32:00.000
2461016260608,Additives,companyID_0000,Standard PO,Waxes,4507000275,Purchase order,vendorID_0140,Standard,"3-way match, invoice before GR",PR,sourceSystemID_0000,vendor_0139,False,10,4507000275_00010,True,user_059,user_059,Create Purchase Order Item,11133.0,02-01-2018 10:38:00.000
2465311227904,Additives,companyID_0000,Standard PO,Surfactants,4507000276,Purchase order,vendorID_0141,Standard,"3-way match, invoice before GR",PR,sourceSystemID_0000,vendor_0140,False,10,4507000276_00010,True,user_059,user_059,Create Purchase Order Item,4347.0,02-01-2018 10:44:00.000
2478196129792,Packaging,companyID_0000,Standard PO,Metal Containers & Lids < 30L,4507000277,Purchase order,vendorID_0106,Standard,"3-way match, invoice before GR",PR,sourceSystemID_0000,vendor_0106,False,30,4507000277_00030,True,user_060,user_060,Create Purchase Order Item,891.0,02-01-2018 10:55:00.000
2473901162496,Packaging,companyID_0000,Standard PO,Metal Containers & Lids < 30L,4507000277,Purchase order,vendorID_0106,Standard,"3-way match, invoice before GR",PR,sourceSystemID_0000,vendor_0106,False,20,4507000277_00020,True,user_060,user_060,Create Purchase Order Item,551.0,02-01-2018 10:55:00.000
2469606195200,Packaging,companyID_0000,Standard PO,Metal Containers & Lids < 30L,4507000277,Purchase order,vendorID_0106,Standard,"3-way match, invoice before GR",PR,sourceSystemID_0000,vendor_0106,False,10,4507000277_00010,True,user_060,user_060,Create Purchase Order Item,551.0,02-01-2018 10:55:00.000
2482491097088,Packaging,companyID_0000,Standard PO,Metal Containers & Lids < 30L,4507000277,Purchase order,vendorID_0106,Standard,"3-way match, invoice before GR",PR,sourceSystemID_0000,vendor_0106,False,40,4507000277_00040,True,user_060,user_060,Create Purchase Order Item,891.0,02-01-2018 10:55:00.000
2491081031680,Sales,companyID_0000,Standard PO,Products for Resale,4507000278,Purchase order,vendorID_0142,Standard,"3-way match, invoice before GR",NPR,sourceSystemID_0000,vendor_0141,False,20,4507000278_00020,True,user_045,user_045,Create Purchase Order Item,341.0,02-01-2018 10:56:00.000
2499670966272,Sales,companyID_0000,Standard PO,Products for Resale,4507000278,Purchase order,vendorID_0142,Standard,"3-way match, invoice before GR",NPR,sourceSystemID_0000,vendor_0141,False,40,4507000278_00040,True,user_045,user_045,Create Purchase Order Item,236.0,02-01-2018 10:56:00.000
2495375998976,Sales,companyID_0000,Standard PO,Products for Resale,4507000278,Purchase order,vendorID_0142,Standard,"3-way match, invoice before GR",NPR,sourceSystemID_0000,vendor_0141,False,30,4507000278_00030,True,user_045,user_045,Create Purchase Order Item,528.0,02-01-2018 10:56:00.000
2486786064384,Sales,companyID_0000,Standard PO,Products for Resale,4507000278,Purchase order,vendorID_0142,Standard,"3-way match, invoice before GR",NPR,sourceSystemID_0000,vendor_0141,False,10,4507000278_00010,True,user_045,user_045,Create Purchase Order Item,150.0,02-01-2018 10:56:00.000
2516850835456,Sales,companyID_0000,Standard PO,Products for Resale,4507000279,Purchase order,vendorID_0143,Standard,"3-way match, invoice before GR",NPR,sourceSystemID_0000,vendor_0142,False,40,4507000279_00040,True,user_051,user_051,Create Purchase Order Item,941.0,02-01-2018 10:57:00.000
2503965933568,Sales,companyID_0000,Standard PO,Products for Resale,4507000279,Purchase order,vendorID_0143,Standard,"3-way match, invoice before GR",NPR,sourceSystemID_0000,vendor_0142,False,10,4507000279_00010,True,user_051,user_051,Create Purchase Order Item,256.0,02-01-2018 10:57:00.000
2508260900864,Sales,companyID_0000,Standard PO,Products for Resale,4507000279,Purchase order,vendorID_0143,Standard,"3-way match, invoice before GR",NPR,sourceSystemID_0000,vendor_0142,False,20,4507000279_00020,True,user_051,user_051,Create Purchase Order Item,378.0,02-01-2018 10:57:00.000
2512555868160,Trading & End Products,companyID_0000,Standard PO,Trading products (old structure),4507000279,Purchase order,vendorID_0143,Standard,"3-way match, invoice before GR",PR,sourceSystemID_0000,vendor_0142,False,30,4507000279_00030,True,user_051,user_051,Create Purchase Order Item,417.0,02-01-2018 10:57:00.000
2542620639232,Sales,companyID_0000,Standard PO,Products for Resale,4507000279,Purchase order,vendorID_0143,Standard,"3-way match, invoice before GR",NPR,sourceSystemID_0000,vendor_0142,False,100,4507000279_00100,True,user_051,user_051,Create Purchase Order Item,1930.0,02-01-2018 10:57:00.000
2538325671936,Sales,companyID_0000,Standard PO,Products for Resale,4507000279,Purchase order,vendorID_0143,Standard,"3-way match, invoice before GR",NPR,sourceSystemID_0000,vendor_0142,False,90,4507000279_00090,True,user_051,user_051,Create Purchase Order Item,2237.0,02-01-2018 10:57:00.000
2534030704640,Trading & End Products,companyID_0000,Standard PO,Trading products (old structure),4507000279,Purchase order,vendorID_0143,Standard,"3-way match, invoice before GR",PR,sourceSystemID_0000,vendor_0142,False,80,4507000279_00080,True,user_051,user_051,Create Purchase Order Item,5387.0,02-01-2018 10:57:00.000
2529735737344,Sales,companyID_0000,Standard PO,Products for Resale,4507000279,Purchase order,vendorID_0143,Standard,"3-way match, invoice before GR",NPR,sourceSystemID_0000,vendor_0142,False,70,4507000279_00070,True,user_051,user_051,Create Purchase Order Item,796.0,02-01-2018 10:57:00.000
2525440770048,Sales,companyID_0000,Standard PO,Products for Resale,4507000279,Purchase order,vendorID_0143,Standard,"3-way match, invoice before GR",NPR,sourceSystemID_0000,vendor_0142,False,60,4507000279_00060,True,user_051,user_051,Create Purchase Order Item,827.0,02-01-2018 10:57:00.000
2521145802752,Sales,companyID_0000,Standard PO,Products for Resale,4507000279,Purchase order,vendorID_0143,Standard,"3-way match, invoice before GR",NPR,sourceSystemID_0000,vendor_0142,False,50,4507000279_00050,True,user_051,user_051,Create Purchase Order Item,1484.0,02-01-2018 10:57:00.000
2546915606528,Sales,companyID_0000,Standard PO,Products for Resale,4507000279,Purchase order,vendorID_0143,Standard,"3-way match, invoice before GR",NPR,sourceSystemID_0000,vendor_0142,False,110,4507000279_00110,True,user_051,user_051,Create Purchase Order Item,2941.0,02-01-2018 10:57:00.000
2568390443008,Packaging,companyID_0000,Standard PO,Plastic Containers & Lids < 30L,4507000280,Purchase order,vendorID_0104,Standard,"3-way match, invoice before GR",PR,sourceSystemID_0000,vendor_0104,False,50,4507000280_00050,True,user_060,user_060,Create Purchase Order Item,708.0,02-01-2018 10:58:00.000
2564095475712,Packaging,companyID_0000,Standard PO,Plastic Containers & Lids < 30L,4507000280,Purchase order,vendorID_0104,Standard,"3-way match, invoice before GR",PR,sourceSystemID_0000,vendor_0104,False,40,4507000280_00040,True,user_060,user_060,Create Purchase Order Item,397.0,02-01-2018 10:58:00.000
2559800508416,Packaging,companyID_0000,Standard PO,Plastic Containers & Lids < 30L,4507000280,Purchase order,vendorID_0104,Standard,"3-way match, invoice before GR",PR,sourceSystemID_0000,vendor_0104,False,30,4507000280_00030,True,user_060,user_060,Create Purchase Order Item,795.0,02-01-2018 10:58:00.000
2555505541120,Packaging,companyID_0000,Standard PO,Plastic Containers & Lids < 30L,4507000280,Purchase order,vendorID_0104,Standard,"3-way match, invoice before GR",PR,sourceSystemID_0000,vendor_0104,False,20,4507000280_00020,True,user_060,user_060,Create Purchase Order Item,316.0,02-01-2018 10:58:00.000
2551210573824,Packaging,companyID_0000,Standard PO,Plastic Containers & Lids < 30L,4507000280,Purchase order,vendorID_0104,Standard,"3-way match, invoice before GR",PR,sourceSystemID_0000,vendor_0104,False,10,4507000280_00010,True,user_060,user_060,Create Purchase Order Item,397.0,02-01-2018 10:58:00.000
2572685410304,Pigments & Colorants,companyID_0000,Standard PO,Colorants,4507000281,Purchase order,vendorID_0144,Standard,"3-way match, invoice before GR",PR,sourceSystemID_0000,vendor_0143,False,10,4507000281_00010,True,user_059,user_059,Create Purchase Order Item,8493.0,02-01-2018 10:59:00.000
1430224109569,Packaging,companyID_0000,Standard PO,Labels,4507000221,Purchase order,vendorID_0103,Standard,"3-way match, invoice before GR",PR,sourceSystemID_0000,vendor_0103,False,10,4507000221_00010,True,user_029,user_029,Receive Order Confirmation,208.0,02-01-2018 11:04:00.000
2280627634177,Packaging,companyID_0000,Standard PO,Labels,4507000266,Purchase order,vendorID_0103,Standard,"3-way match, invoice before GR",PR,sourceSystemID_0000,vendor_0103,False,10,4507000266_00010,True,user_029,user_029,Receive Order Confirmation,134.0,02-01-2018 11:04:00.000
1438814044161,Packaging,companyID_0000,Standard PO,Labels,4507000222,Purchase order,vendorID_0103,Standard,"3-way match, invoice before GR",PR,sourceSystemID_0000,vendor_0103,False,20,4507000222_00020,True,user_029,user_029,Receive Order Confirmation,134.0,02-01-2018 11:04:00.000
1434519076865,Packaging,companyID_0000,Standard PO,Labels,4507000222,Purchase order,vendorID_0103,Standard,"3-way match, invoice before GR",PR,sourceSystemID_0000,vendor_0103,False,10,4507000222_00010,True,user_029,user_029,Receive Order Confirmation,42.0,02-01-2018 11:04:00.000
2581275344896,Sales,companyID_0000,Standard PO,Products for Resale,4507000282,Purchase order,vendorID_0145,Standard,"3-way match, invoice before GR",NPR,sourceSystemID_0000,vendor_0144,False,10,4507000282_00010,True,user_045,user_045,Create Purchase Order Item,266.0,02-01-2018 11:06:00.000
2284922601473,Packaging,companyID_0000,Standard PO,Labels,4507000267,Purchase order,vendorID_0103,Standard,"3-way match, invoice before GR",PR,sourceSystemID_0000,vendor_0103,False,20,4507000267_00020,True,user_029,user_029,Receive Order Confirmation,244.0,02-01-2018 11:06:00.000
2289217568769,Packaging,companyID_0000,Standard PO,Labels,4507000267,Purchase order,vendorID_0103,Standard,"3-way match, invoice before GR",PR,sourceSystemID_0000,vendor_0103,False,30,4507000267_00030,True,user_029,user_029,Receive Order Confirmation,244.0,02-01-2018 11:06:00.000
2585570312192,Sales,companyID_0000,Standard PO,Products for Resale,4507000282,Purchase order,vendorID_0145,Standard,"3-way match, invoice before GR",NPR,sourceSystemID_0000,vendor_0144,False,20,4507000282_00020,True,user_045,user_045,Create Purchase Order Item,410.0,02-01-2018 11:06:00.000
2607045148672,Sales,companyID_0000,Standard PO,Products for Resale,4507000282,Purchase order,vendorID_0145,Standard,"3-way match, invoice before GR",NPR,sourceSystemID_0000,vendor_0144,False,70,4507000282_00070,True,user_045,user_045,Create Purchase Order Item,88.0,02-01-2018 11:06:00.000
2602750181376,Sales,companyID_0000,Standard PO,Products for Resale,4507000282,Purchase order,vendorID_0145,Standard,"3-way match, invoice before GR",NPR,sourceSystemID_0000,vendor_0144,False,60,4507000282_00060,True,user_045,user_045,Create Purchase Order Item,483.0,02-01-2018 11:06:00.000
2598455214080,Sales,companyID_0000,Standard PO,Products for Resale,4507000282,Purchase order,vendorID_0145,Standard,"3-way match, invoice before GR",NPR,sourceSystemID_0000,vendor_0144,False,50,4507000282_00050,True,user_045,user_045,Create Purchase Order Item,615.0,02-01-2018 11:06:00.000
2594160246784,Sales,companyID_0000,Standard PO,Products for Resale,4507000282,Purchase order,vendorID_0145,Standard,"3-way match, invoice before GR",NPR,sourceSystemID_0000,vendor_0144,False,40,4507000282_00040,True,user_045,user_045,Create Purchase Order Item,1913.0,02-01-2018 11:06:00.000
2589865279488,Sales,companyID_0000,Standard PO,Products for Resale,4507000282,Purchase order,vendorID_0145,Standard,"3-way match, invoice after GR",NPR,sourceSystemID_0000,vendor_0144,True,30,4507000282_00030,True,user_045,user_045,Create Purchase Order Item,383.0,02-01-2018 11:06:00.000
2611340115968,Titanium Dioxides,companyID_0000,Standard PO,Chloride,4507000283,Purchase order,vendorID_0146,Consignment,Consignment,PR,sourceSystemID_0000,vendor_0143,False,10,4507000283_00010,True,user_059,user_059,Create Purchase Order Item,0.0,02-01-2018 11:08:00.000
2615635083264,Titanium Dioxides,companyID_0000,Standard PO,Chloride,4507000284,Purchase order,vendorID_0146,Consignment,Consignment,PR,sourceSystemID_0000,vendor_0143,False,10,4507000284_00010,True,user_059,user_059,Create Purchase Order Item,0.0,02-01-2018 11:10:00.000
2568390443009,Packaging,companyID_0000,Standard PO,Plastic Containers & Lids < 30L,4507000280,Purchase order,vendorID_0104,Standard,"3-way match, invoice before GR",PR,sourceSystemID_0000,vendor_0104,False,50,4507000280_00050,True,user_029,user_029,Receive Order Confirmation,708.0,02-01-2018 11:15:00.000
2564095475713,Packaging,companyID_0000,Standard PO,Plastic Containers & Lids < 30L,4507000280,Purchase order,vendorID_0104,Standard,"3-way match, invoice before GR",PR,sourceSystemID_0000,vendor_0104,False,40,4507000280_00040,True,user_029,user_029,Receive Order Confirmation,397.0,02-01-2018 11:15:00.000
2559800508417,Packaging,companyID_0000,Standard PO,Plastic Containers & Lids < 30L,4507000280,Purchase order,vendorID_0104,Standard,"3-way match, invoice before GR",PR,sourceSystemID_0000,vendor_0104,False,30,4507000280_00030,True,user_029,user_029,Receive Order Confirmation,795.0,02-01-2018 11:15:00.000
2555505541121,Packaging,companyID_0000,Standard PO,Plastic Containers & Lids < 30L,4507000280,Purchase order,vendorID_0104,Standard,"3-way match, invoice before GR",PR,sourceSystemID_0000,vendor_0104,False,20,4507000280_00020,True,user_029,user_029,Receive Order Confirmation,316.0,02-01-2018 11:15:00.000
2551210573825,Packaging,companyID_0000,Standard PO,Plastic Containers & Lids < 30L,4507000280,Purchase order,vendorID_0104,Standard,"3-way match, invoice before GR",PR,sourceSystemID_0000,vendor_0104,False,10,4507000280_00010,True,user_029,user_029,Receive Order Confirmation,397.0,02-01-2018 11:15:00.000
2624225017856,Additives,companyID_0000,Standard PO,Extenders,4507000286,Purchase order,vendorID_0147,Standard,"3-way match, invoice before GR",PR,sourceSystemID_0000,vendor_0145,False,10,4507000286_00010,True,user_064,user_064,Create Purchase Order Item,6791.0,02-01-2018 11:17:00.000
2628519985152,Sales,companyID_0000,Standard PO,Products for Resale,4507000287,Purchase order,vendorID_0148,Standard,"3-way match, invoice before GR",NPR,sourceSystemID_0000,vendor_0146,False,10,4507000287_00010,True,user_045,user_045,Create Purchase Order Item,583.0,02-01-2018 11:17:00.000
2632814952448,Sales,companyID_0000,Standard PO,Products for Resale,4507000287,Purchase order,vendorID_0148,Standard,"3-way match, invoice before GR",NPR,sourceSystemID_0000,vendor_0146,False,20,4507000287_00020,True,user_045,user_045,Create Purchase Order Item,580.0,02-01-2018 11:17:00.000
2619930050560,Additives,companyID_0000,Standard PO,Extenders,4507000285,Purchase order,vendorID_0147,Standard,"3-way match, invoice before GR",PR,sourceSystemID_0000,vendor_0145,False,10,4507000285_00010,True,user_064,user_064,Create Purchase Order Item,6791.0,02-01-2018 11:17:00.000
2637109919744,Additives,companyID_0000,Standard PO,Extenders,4507000288,Purchase order,vendorID_0149,Consignment,Consignment,PR,sourceSystemID_0000,vendor_0147,False,10,4507000288_00010,True,user_064,user_064,Create Purchase Order Item,0.0,02-01-2018 11:18:00.000
2641404887040,Additives,companyID_0000,Standard PO,Extenders,4507000289,Purchase order,vendorID_0149,Consignment,Consignment,PR,sourceSystemID_0000,vendor_0147,False,10,4507000289_00010,True,user_064,user_064,Create Purchase Order Item,0.0,02-01-2018 11:19:00.000
2645699854336,Additives,companyID_0000,Standard PO,Extenders,4507000290,Purchase order,vendorID_0149,Consignment,Consignment,PR,sourceSystemID_0000,vendor_0147,False,10,4507000290_00010,True,user_064,user_064,Create Purchase Order Item,0.0,02-01-2018 11:19:00.000
2649994821632,Additives,companyID_0000,Standard PO,Extenders,4507000291,Purchase order,vendorID_0149,Consignment,Consignment,PR,sourceSystemID_0000,vendor_0147,False,10,4507000291_00010,True,user_064,user_064,Create Purchase Order Item,0.0,02-01-2018 11:19:00.000
2684354560000,Packaging,companyID_0000,Standard PO,Labels,4507000292,Purchase order,vendorID_0150,Standard,"3-way match, invoice before GR",PR,sourceSystemID_0000,vendor_0148,False,80,4507000292_00080,True,user_066,user_066,Create Purchase Order Item,43.0,02-01-2018 11:22:00.000
2680059592704,Packaging,companyID_0000,Standard PO,Labels,4507000292,Purchase order,vendorID_0150,Standard,"3-way match, invoice before GR",PR,sourceSystemID_0000,vendor_0148,False,70,4507000292_00070,True,user_066,user_066,Create Purchase Order Item,38.0,02-01-2018 11:22:00.000
2675764625408,Packaging,companyID_0000,Standard PO,Labels,4507000292,Purchase order,vendorID_0150,Standard,"3-way match, invoice before GR",PR,sourceSystemID_0000,vendor_0148,False,60,4507000292_00060,True,user_066,user_066,Create Purchase Order Item,381.0,02-01-2018 11:22:00.000
2671469658112,Packaging,companyID_0000,Standard PO,Labels,4507000292,Purchase order,vendorID_0150,Standard,"3-way match, invoice before GR",PR,sourceSystemID_0000,vendor_0148,False,50,4507000292_00050,True,user_066,user_066,Create Purchase Order Item,280.0,02-01-2018 11:22:00.000
2667174690816,Packaging,companyID_0000,Standard PO,Labels,4507000292,Purchase order,vendorID_0150,Standard,"3-way match, invoice before GR",PR,sourceSystemID_0000,vendor_0148,False,40,4507000292_00040,True,user_066,user_066,Create Purchase Order Item,417.0,02-01-2018 11:22:00.000
2654289788928,Packaging,companyID_0000,Standard PO,Labels,4507000292,Purchase order,vendorID_0150,Standard,"3-way match, invoice before GR",PR,sourceSystemID_0000,vendor_0148,False,10,4507000292_00010,True,user_066,user_066,Create Purchase Order Item,506.0,02-01-2018 11:22:00.000
2658584756224,Packaging,companyID_0000,Standard PO,Labels,4507000292,Purchase order,vendorID_0150,Standard,"3-way match, invoice before GR",PR,sourceSystemID_0000,vendor_0148,False,20,4507000292_00020,True,user_066,user_066,Create Purchase Order Item,506.0,02-01-2018 11:22:00.000
2692944494592,Packaging,companyID_0000,Standard PO,Labels,4507000292,Purchase order,vendorID_0150,Standard,"3-way match, invoice before GR",PR,sourceSystemID_0000,vendor_0148,False,100,4507000292_00100,True,user_066,user_066,Create Purchase Order Item,338.0,02-01-2018 11:22:00.000
2688649527296,Packaging,companyID_0000,Standard PO,Labels,4507000292,Purchase order,vendorID_0150,Standard,"3-way match, invoice before GR",PR,sourceSystemID_0000,vendor_0148,False,90,4507000292_00090,True,user_066,user_066,Create Purchase Order Item,338.0,02-01-2018 11:22:00.000
2662879723520,Packaging,companyID_0000,Standard PO,Labels,4507000292,Purchase order,vendorID_0150,Standard,"3-way match, invoice before GR",PR,sourceSystemID_0000,vendor_0148,False,30,4507000292_00030,True,user_066,user_066,Create Purchase Order Item,417.0,02-01-2018 11:22:00.000
1468878815233,Additives,companyID_0000,Standard PO,Extenders,4507000226,Purchase order,vendorID_0032,Standard,"3-way match, invoice before GR",PR,sourceSystemID_0000,vendor_0032,False,10,4507000226_00010,True,user_033,user_033,Change Quantity,3588.0,02-01-2018 11:23:00.000
2697239461888,Additives,companyID_0000,Standard PO,Extenders,4507000293,Purchase order,vendorID_0151,Standard,"3-way match, invoice before GR",PR,sourceSystemID_0000,vendor_0149,False,10,4507000293_00010,True,user_059,user_059,Create Purchase Order Item,4002.0,02-01-2018 11:24:00.000
2701534429184,Additives,companyID_0000,Standard PO,Extenders,4507000293,Purchase order,vendorID_0151,Standard,"3-way match, invoice before GR",PR,sourceSystemID_0000,vendor_0149,False,20,4507000293_00020,True,user_059,user_059,Create Purchase Order Item,2501.0,02-01-2018 11:24:00.000
2714419331072,Packaging,companyID_0000,Standard PO,Metal Containers & Lids < 30L,4507000294,Purchase order,vendorID_0125,Standard,"3-way match, invoice before GR",PR,sourceSystemID_0000,vendor_0124,False,30,4507000294_00030,True,user_068,user_068,Create Purchase Order Item,700.0,02-01-2018 11:27:00.000
2731599200256,Packaging,companyID_0000,Standard PO,Metal Containers & Lids < 30L,4507000294,Purchase order,vendorID_0125,Standard,"3-way match, invoice before GR",PR,sourceSystemID_0000,vendor_0124,False,70,4507000294_00070,True,user_068,user_068,Create Purchase Order Item,2031.0,02-01-2018 11:27:00.000
2727304232960,Packaging,companyID_0000,Standard PO,Metal Containers & Lids < 30L,4507000294,Purchase order,vendorID_0125,Standard,"3-way match, invoice before GR",PR,sourceSystemID_0000,vendor_0124,False,60,4507000294_00060,True,user_068,user_068,Create Purchase Order Item,1320.0,02-01-2018 11:27:00.000
2740189134848,Packaging,companyID_0000,Standard PO,Metal Containers & Lids < 30L,4507000294,Purchase order,vendorID_0125,Standard,"3-way match, invoice before GR",PR,sourceSystemID_0000,vendor_0124,False,90,4507000294_00090,True,user_068,user_068,Create Purchase Order Item,277.0,02-01-2018 11:27:00.000
2735894167552,Packaging,companyID_0000,Standard PO,Metal Containers & Lids < 30L,4507000294,Purchase order,vendorID_0125,Standard,"3-way match, invoice before GR",PR,sourceSystemID_0000,vendor_0124,False,80,4507000294_00080,True,user_068,user_068,Create Purchase Order Item,1013.0,02-01-2018 11:27:00.000
2705829396480,Packaging,companyID_0000,Standard PO,Metal Containers & Lids < 30L,4507000294,Purchase order,vendorID_0125,Standard,"3-way match, invoice before GR",PR,sourceSystemID_0000,vendor_0124,False,10,4507000294_00010,True,user_068,user_068,Create Purchase Order Item,256.0,02-01-2018 11:27:00.000
2710124363776,Packaging,companyID_0000,Standard PO,Metal Containers & Lids < 30L,4507000294,Purchase order,vendorID_0125,Standard,"3-way match, invoice before GR",PR,sourceSystemID_0000,vendor_0124,False,20,4507000294_00020,True,user_068,user_068,Create Purchase Order Item,4127.0,02-01-2018 11:27:00.000
2718714298368,Packaging,companyID_0000,Standard PO,Metal Containers & Lids < 30L,4507000294,Purchase order,vendorID_0125,Standard,"3-way match, invoice before GR",PR,sourceSystemID_0000,vendor_0124,False,40,4507000294_00040,True,user_068,user_068,Create Purchase Order Item,762.0,02-01-2018 11:27:00.000
2723009265664,Packaging,companyID_0000,Standard PO,Metal Containers & Lids < 30L,4507000294,Purchase order,vendorID_0125,Standard,"3-way match, invoice before GR",PR,sourceSystemID_0000,vendor_0124,False,50,4507000294_00050,True,user_068,user_068,Create Purchase Order Item,393.0,02-01-2018 11:27:00.000
2744484102144,Sales,companyID_0000,Standard PO,Products for Resale,4507000295,Purchase order,vendorID_0152,Standard,"3-way match, invoice before GR",NPR,sourceSystemID_0000,vendor_0150,False,10,4507000295_00010,True,user_045,user_045,Create Purchase Order Item,97.0,02-01-2018 11:28:00.000
2748779069440,Solvents,companyID_0000,Standard PO,Ester Solvents,4507000296,Purchase order,vendorID_0153,Standard,"3-way match, invoice before GR",PR,sourceSystemID_0000,vendor_0151,False,10,4507000296_00010,True,user_064,user_064,Create Purchase Order Item,47284.0,02-01-2018 11:32:00.000
2753074036736,Solvents,companyID_0000,Standard PO,Ester Solvents,4507000297,Purchase order,vendorID_0153,Standard,"3-way match, invoice before GR",PR,sourceSystemID_0000,vendor_0151,False,10,4507000297_00010,True,user_064,user_064,Create Purchase Order Item,47284.0,02-01-2018 11:32:00.000
2482491097089,Packaging,companyID_0000,Standard PO,Metal Containers & Lids < 30L,4507000277,Purchase order,vendorID_0106,Standard,"3-way match, invoice before GR",PR,sourceSystemID_0000,vendor_0106,False,40,4507000277_00040,True,user_029,user_029,Receive Order Confirmation,891.0,02-01-2018 11:33:00.000
2757369004032,Additives,companyID_0000,Standard PO,Extenders,4507000298,Purchase order,vendorID_0151,Standard,"3-way match, invoice before GR",PR,sourceSystemID_0000,vendor_0149,False,10,4507000298_00010,True,user_064,user_064,Create Purchase Order Item,5764.0,02-01-2018 11:33:00.000
2761663971328,Additives,companyID_0000,Standard PO,Extenders,4507000299,Purchase order,vendorID_0151,Standard,"3-way match, invoice before GR",PR,sourceSystemID_0000,vendor_0149,False,10,4507000299_00010,True,user_064,user_064,Create Purchase Order Item,5764.0,02-01-2018 11:33:00.000
2469606195201,Packaging,companyID_0000,Standard PO,Metal Containers & Lids < 30L,4507000277,Purchase order,vendorID_0106,Standard,"3-way match, invoice before GR",PR,sourceSystemID_0000,vendor_0106,False,10,4507000277_00010,True,user_029,user_029,Receive Order Confirmation,551.0,02-01-2018 11:33:00.000
2473901162497,Packaging,companyID_0000,Standard PO,Metal Containers & Lids < 30L,4507000277,Purchase order,vendorID_0106,Standard,"3-way match, invoice before GR",PR,sourceSystemID_0000,vendor_0106,False,20,4507000277_00020,True,user_029,user_029,Receive Order Confirmation,551.0,02-01-2018 11:33:00.000
2478196129793,Packaging,companyID_0000,Standard PO,Metal Containers & Lids < 30L,4507000277,Purchase order,vendorID_0106,Standard,"3-way match, invoice before GR",PR,sourceSystemID_0000,vendor_0106,False,30,4507000277_00030,True,user_029,user_029,Receive Order Confirmation,891.0,02-01-2018 11:33:00.000
2765958938624,Additives,companyID_0000,Standard PO,Extenders,4507000300,Purchase order,vendorID_0151,Standard,"3-way match, invoice before GR",PR,sourceSystemID_0000,vendor_0149,False,10,4507000300_00010,True,user_064,user_064,Create Purchase Order Item,5764.0,02-01-2018 11:34:00.000
2774548873216,Additives,companyID_0000,Standard PO,Extenders,4507000302,Purchase order,vendorID_0151,Standard,"3-way match, invoice before GR",PR,sourceSystemID_0000,vendor_0149,False,10,4507000302_00010,True,user_064,user_064,Create Purchase Order Item,5764.0,02-01-2018 11:34:00.000
2770253905920,Packaging,companyID_0000,Standard PO,Metal Containers & Lids < 30L,4507000301,Purchase order,vendorID_0125,Standard,"3-way match, invoice before GR",PR,sourceSystemID_0000,vendor_0124,False,10,4507000301_00010,True,user_033,user_033,Create Purchase Order Item,2945.0,02-01-2018 11:34:00.000
2787433775104,Additives,companyID_0000,Standard PO,Extenders,4507000305,Purchase order,vendorID_0151,Standard,"3-way match, invoice before GR",PR,sourceSystemID_0000,vendor_0149,False,10,4507000305_00010,True,user_064,user_064,Create Purchase Order Item,5708.0,02-01-2018 11:36:00.000
2778843840512,Additives,companyID_0000,Standard PO,Extenders,4507000303,Purchase order,vendorID_0151,Standard,"3-way match, invoice before GR",PR,sourceSystemID_0000,vendor_0149,False,10,4507000303_00010,True,user_064,user_064,Create Purchase Order Item,5708.0,02-01-2018 11:36:00.000
2783138807808,Additives,companyID_0000,Standard PO,Extenders,4507000304,Purchase order,vendorID_0151,Standard,"3-way match, invoice before GR",PR,sourceSystemID_0000,vendor_0149,False,10,4507000304_00010,True,user_064,user_064,Create Purchase Order Item,5708.0,02-01-2018 11:36:00.000
2791728742400,Additives,companyID_0000,Standard PO,Extenders,4507000306,Purchase order,vendorID_0151,Standard,"3-way match, invoice before GR",PR,sourceSystemID_0000,vendor_0149,False,10,4507000306_00010,True,user_064,user_064,Create Purchase Order Item,5708.0,02-01-2018 11:36:00.000
2800318676992,Sales,companyID_0000,Standard PO,Products for Resale,4507000308,Purchase order,vendorID_0154,Standard,"3-way match, invoice before GR",NPR,sourceSystemID_0000,vendor_0152,False,10,4507000308_00010,True,user_045,user_045,Create Purchase Order Item,423.0,02-01-2018 11:37:00.000
2796023709696,Additives,companyID_0000,Standard PO,Extenders,4507000307,Purchase order,vendorID_0151,Standard,"3-way match, invoice before GR",PR,sourceSystemID_0000,vendor_0149,False,10,4507000307_00010,True,user_064,user_064,Create Purchase Order Item,5708.0,02-01-2018 11:37:00.000
2817498546176,Additives,companyID_0000,Standard PO,Extenders,4507000311,Purchase order,vendorID_0151,Standard,"3-way match, invoice before GR",PR,sourceSystemID_0000,vendor_0149,False,10,4507000311_00010,True,user_064,user_064,Create Purchase Order Item,5708.0,02-01-2018 11:39:00.000
2808908611584,Additives,companyID_0000,Standard PO,Extenders,4507000309,Purchase order,vendorID_0151,Standard,"3-way match, invoice before GR",PR,sourceSystemID_0000,vendor_0149,False,10,4507000309_00010,True,user_064,user_064,Create Purchase Order Item,5708.0,02-01-2018 11:39:00.000
2813203578880,Additives,companyID_0000,Standard PO,Extenders,4507000310,Purchase order,vendorID_0151,Standard,"3-way match, invoice before GR",PR,sourceSystemID_0000,vendor_0149,False,10,4507000310_00010,True,user_064,user_064,Create Purchase Order Item,5708.0,02-01-2018 11:39:00.000
2821793513472,Additives,companyID_0000,Standard PO,Extenders,4507000312,Purchase order,vendorID_0151,Standard,"3-way match, invoice before GR",PR,sourceSystemID_0000,vendor_0149,False,10,4507000312_00010,True,user_064,user_064,Create Purchase Order Item,5708.0,02-01-2018 11:40:00.000
2800318676993,Sales,companyID_0000,Standard PO,Products for Resale,4507000308,Purchase order,vendorID_0154,Standard,"3-way match, invoice before GR",NPR,sourceSystemID_0000,vendor_0152,False,10,4507000308_00010,True,user_045,user_045,Change Quantity,423.0,02-01-2018 11:40:00.000
2804613644288,Sales,companyID_0000,Standard PO,Products for Resale,4507000308,Purchase order,vendorID_0154,Standard,"3-way match, invoice before GR",NPR,sourceSystemID_0000,vendor_0152,False,20,4507000308_00020,True,user_045,user_045,Create Purchase Order Item,214.0,02-01-2018 11:40:00.000
2826088480768,Additives,companyID_0000,Standard PO,Extenders,4507000313,Purchase order,vendorID_0151,Standard,"3-way match, invoice before GR",PR,sourceSystemID_0000,vendor_0149,False,10,4507000313_00010,True,user_064,user_064,Create Purchase Order Item,5708.0,02-01-2018 11:40:00.000
2838973382656,Additives,companyID_0000,Standard PO,Extenders,4507000316,Purchase order,vendorID_0151,Standard,"3-way match, invoice before GR",PR,sourceSystemID_0000,vendor_0149,False,10,4507000316_00010,True,user_064,user_064,Create Purchase Order Item,5708.0,02-01-2018 11:41:00.000
2834678415360,Additives,companyID_0000,Standard PO,Extenders,4507000315,Purchase order,vendorID_0151,Standard,"3-way match, invoice before GR",PR,sourceSystemID_0000,vendor_0149,False,10,4507000315_00010,True,user_064,user_064,Create Purchase Order Item,5708.0,02-01-2018 11:41:00.000
2830383448064,Additives,companyID_0000,Standard PO,Extenders,4507000314,Purchase order,vendorID_0151,Standard,"3-way match, invoice before GR",PR,sourceSystemID_0000,vendor_0149,False,10,4507000314_00010,True,user_064,user_064,Create Purchase Order Item,5708.0,02-01-2018 11:41:00.000
2843268349952,Additives,companyID_0000,Standard PO,Extenders,4507000317,Purchase order,vendorID_0151,Standard,"3-way match, invoice before GR",PR,sourceSystemID_0000,vendor_0149,False,10,4507000317_00010,True,user_064,user_064,Create Purchase Order Item,5708.0,02-01-2018 11:43:00.000
2851858284544,Additives,companyID_0000,Standard PO,Extenders,4507000319,Purchase order,vendorID_0151,Standard,"3-way match, invoice before GR",PR,sourceSystemID_0000,vendor_0149,False,10,4507000319_00010,True,user_064,user_064,Create Purchase Order Item,5708.0,02-01-2018 11:45:00.000
2847563317248,Trading & End Products,companyID_0000,Standard PO,Trading products (old structure),4507000318,Purchase order,vendorID_0155,Standard,"3-way match, invoice before GR",PR,sourceSystemID_0000,vendor_0153,False,10,4507000318_00010,True,user_070,user_070,Create Purchase Order Item,14148.0,02-01-2018 11:45:00.000
2856153251840,Additives,companyID_0000,Standard PO,Extenders,4507000320,Purchase order,vendorID_0151,Standard,"3-way match, invoice before GR",PR,sourceSystemID_0000,vendor_0149,False,10,4507000320_00010,True,user_064,user_064,Create Purchase Order Item,5708.0,02-01-2018 11:46:00.000
2864743186432,Additives,companyID_0000,Standard PO,Extenders,4507000321,Purchase order,vendorID_0156,Standard,"3-way match, invoice before GR",PR,sourceSystemID_0000,vendor_0154,False,20,4507000321_00020,True,user_059,user_059,Create Purchase Order Item,3509.0,02-01-2018 11:47:00.000
2881923055616,Trading & End Products,companyID_0000,Standard PO,Trading products (old structure),4507000322,Purchase order,vendorID_0157,Standard,"3-way match, invoice after GR",PR,sourceSystemID_0000,vendor_0155,True,40,4507000322_00040,True,user_072,user_072,Create Purchase Order Item,8939.0,02-01-2018 11:47:00.000
2877628088320,Trading & End Products,companyID_0000,Standard PO,Trading products (old structure),4507000322,Purchase order,vendorID_0157,Standard,"3-way match, invoice after GR",PR,sourceSystemID_0000,vendor_0155,True,30,4507000322_00030,True,user_072,user_072,Create Purchase Order Item,4152.0,02-01-2018 11:47:00.000
2873333121024,Trading & End Products,companyID_0000,Standard PO,Trading products (old structure),4507000322,Purchase order,vendorID_0157,Standard,"3-way match, invoice after GR",PR,sourceSystemID_0000,vendor_0155,True,20,4507000322_00020,True,user_072,user_072,Create Purchase Order Item,11236.0,02-01-2018 11:47:00.000
2869038153728,Trading & End Products,companyID_0000,Standard PO,Trading products (old structure),4507000322,Purchase order,vendorID_0157,Standard,"3-way match, invoice after GR",PR,sourceSystemID_0000,vendor_0155,True,10,4507000322_00010,True,user_072,user_072,Create Purchase Order Item,8602.0,02-01-2018 11:47:00.000
2886218022912,Trading & End Products,companyID_0000,Standard PO,Trading products (old structure),4507000322,Purchase order,vendorID_0157,Standard,"3-way match, invoice after GR",PR,sourceSystemID_0000,vendor_0155,True,50,4507000322_00050,True,user_072,user_072,Create Purchase Order Item,2321.0,02-01-2018 11:47:00.000
2860448219136,Additives,companyID_0000,Standard PO,Extenders,4507000321,Purchase order,vendorID_0156,Standard,"3-way match, invoice before GR",PR,sourceSystemID_0000,vendor_0154,False,10,4507000321_00010,True,user_059,user_059,Create Purchase Order Item,11768.0,02-01-2018 11:47:00.000
2954937499648,Trading & End Products,companyID_0000,Standard PO,Trading products (old structure),4507000322,Purchase order,vendorID_0157,Standard,"3-way match, invoice after GR",PR,sourceSystemID_0000,vendor_0155,True,210,4507000322_00210,True,user_072,user_072,Create Purchase Order Item,3257.0,02-01-2018 11:47:00.000
2959232466944,Trading & End Products,companyID_0000,Standard PO,Trading products (old structure),4507000322,Purchase order,vendorID_0157,Standard,"3-way match, invoice after GR",PR,sourceSystemID_0000,vendor_0155,True,220,4507000322_00220,True,user_072,user_072,Create Purchase Order Item,8812.0,02-01-2018 11:47:00.000
2976412336128,Trading & End Products,companyID_0000,Standard PO,Trading products (old structure),4507000322,Purchase order,vendorID_0157,Standard,"3-way match, invoice after GR",PR,sourceSystemID_0000,vendor_0155,True,260,4507000322_00260,True,user_072,user_072,Create Purchase Order Item,385.0,02-01-2018 11:47:00.000
2972117368832,Trading & End Products,companyID_0000,Standard PO,Trading products (old structure),4507000322,Purchase order,vendorID_0157,Standard,"3-way match, invoice after GR",PR,sourceSystemID_0000,vendor_0155,True,250,4507000322_00250,True,user_072,user_072,Create Purchase Order Item,385.0,02-01-2018 11:47:00.000
2890512990208,Trading & End Products,companyID_0000,Standard PO,Trading products (old structure),4507000322,Purchase order,vendorID_0157,Standard,"3-way match, invoice after GR",PR,sourceSystemID_0000,vendor_0155,True,60,4507000322_00060,True,user_072,user_072,Create Purchase Order Item,8812.0,02-01-2018 11:47:00.000
2894807957504,Trading & End Products,companyID_0000,Standard PO,Trading products (old structure),4507000322,Purchase order,vendorID_0157,Standard,"3-way match, invoice after GR",PR,sourceSystemID_0000,vendor_0155,True,70,4507000322_00070,True,user_072,user_072,Create Purchase Order Item,3257.0,02-01-2018 11:47:00.000
2899102924800,Trading & End Products,companyID_0000,Standard PO,Trading products (old structure),4507000322,Purchase order,vendorID_0157,Standard,"3-way match, invoice after GR",PR,sourceSystemID_0000,vendor_0155,True,80,4507000322_00080,True,user_072,user_072,Create Purchase Order Item,8812.0,02-01-2018 11:47:00.000
2903397892096,Trading & End Products,companyID_0000,Standard PO,Trading products (old structure),4507000322,Purchase order,vendorID_0157,Standard,"3-way match, invoice after GR",PR,sourceSystemID_0000,vendor_0155,True,90,4507000322_00090,True,user_072,user_072,Create Purchase Order Item,4215.0,02-01-2018 11:47:00.000
2907692859392,Trading & End Products,companyID_0000,Standard PO,Trading products (old structure),4507000322,Purchase order,vendorID_0157,Standard,"3-way match, invoice after GR",PR,sourceSystemID_0000,vendor_0155,True,100,4507000322_00100,True,user_072,user_072,Create Purchase Order Item,11302.0,02-01-2018 11:47:00.000
2911987826688,Trading & End Products,companyID_0000,Standard PO,Trading products (old structure),4507000322,Purchase order,vendorID_0157,Standard,"3-way match, invoice after GR",PR,sourceSystemID_0000,vendor_0155,True,110,4507000322_00110,True,user_072,user_072,Create Purchase Order Item,3257.0,02-01-2018 11:47:00.000
2963527434240,Trading & End Products,companyID_0000,Standard PO,Trading products (old structure),4507000322,Purchase order,vendorID_0157,Standard,"3-way match, invoice after GR",PR,sourceSystemID_0000,vendor_0155,True,230,4507000322_00230,True,user_072,user_072,Create Purchase Order Item,2321.0,02-01-2018 11:47:00.000
2967822401536,Trading & End Products,companyID_0000,Standard PO,Trading products (old structure),4507000322,Purchase order,vendorID_0157,Standard,"3-way match, invoice after GR",PR,sourceSystemID_0000,vendor_0155,True,240,4507000322_00240,True,user_072,user_072,Create Purchase Order Item,8812.0,02-01-2018 11:47:00.000
2916282793984,Trading & End Products,companyID_0000,Standard PO,Trading products (old structure),4507000322,Purchase order,vendorID_0157,Standard,"3-way match, invoice after GR",PR,sourceSystemID_0000,vendor_0155,True,120,4507000322_00120,True,user_072,user_072,Create Purchase Order Item,8823.0,02-01-2018 11:47:00.000
2920577761280,Trading & End Products,companyID_0000,Standard PO,Trading products (old structure),4507000322,Purchase order,vendorID_0157,Standard,"3-way match, invoice after GR",PR,sourceSystemID_0000,vendor_0155,True,130,4507000322_00130,True,user_072,user_072,Create Purchase Order Item,3257.0,02-01-2018 11:47:00.000
2924872728576,Trading & End Products,companyID_0000,Standard PO,Trading products (old structure),4507000322,Purchase order,vendorID_0157,Standard,"3-way match, invoice after GR",PR,sourceSystemID_0000,vendor_0155,True,140,4507000322_00140,True,user_072,user_072,Create Purchase Order Item,8812.0,02-01-2018 11:47:00.000
2929167695872,Trading & End Products,companyID_0000,Standard PO,Trading products (old structure),4507000322,Purchase order,vendorID_0157,Standard,"3-way match, invoice after GR",PR,sourceSystemID_0000,vendor_0155,True,150,4507000322_00150,True,user_072,user_072,Create Purchase Order Item,3257.0,02-01-2018 11:47:00.000
2933462663168,Trading & End Products,companyID_0000,Standard PO,Trading products (old structure),4507000322,Purchase order,vendorID_0157,Standard,"3-way match, invoice after GR",PR,sourceSystemID_0000,vendor_0155,True,160,4507000322_00160,True,user_072,user_072,Create Purchase Order Item,10426.0,02-01-2018 11:47:00.000
2937757630464,Trading & End Products,companyID_0000,Standard PO,Trading products (old structure),4507000322,Purchase order,vendorID_0157,Standard,"3-way match, invoice after GR",PR,sourceSystemID_0000,vendor_0155,True,170,4507000322_00170,True,user_072,user_072,Create Purchase Order Item,3257.0,02-01-2018 11:47:00.000
2942052597760,Trading & End Products,companyID_0000,Standard PO,Trading products (old structure),4507000322,Purchase order,vendorID_0157,Standard,"3-way match, invoice after GR",PR,sourceSystemID_0000,vendor_0155,True,180,4507000322_00180,True,user_072,user_072,Create Purchase Order Item,8812.0,02-01-2018 11:47:00.000
2946347565056,Trading & End Products,companyID_0000,Standard PO,Trading products (old structure),4507000322,Purchase order,vendorID_0157,Standard,"3-way match, invoice after GR",PR,sourceSystemID_0000,vendor_0155,True,190,4507000322_00190,True,user_072,user_072,Create Purchase Order Item,3257.0,02-01-2018 11:47:00.000
2950642532352,Trading & End Products,companyID_0000,Standard PO,Trading products (old structure),4507000322,Purchase order,vendorID_0157,Standard,"3-way match, invoice after GR",PR,sourceSystemID_0000,vendor_0155,True,200,4507000322_00200,True,user_072,user_072,Create Purchase Order Item,8812.0,02-01-2018 11:47:00.000
2997887172608,Others,companyID_0000,Standard PO,Customers,4507000323,Purchase order,vendorID_0158,Standard,"3-way match, invoice after GR",OTHER,sourceSystemID_0000,vendor_0156,True,50,4507000323_00050,True,user_038,user_038,Create Purchase Order Item,362.0,02-01-2018 11:49:00.000
2985002270720,Others,companyID_0000,Standard PO,Customers,4507000323,Purchase order,vendorID_0158,Standard,"3-way match, invoice before GR",OTHER,sourceSystemID_0000,vendor_0156,False,20,4507000323_00020,True,user_038,user_038,Create Purchase Order Item,50.0,02-01-2018 11:49:00.000
2980707303424,Others,companyID_0000,Standard PO,Customers,4507000323,Purchase order,vendorID_0158,Standard,"3-way match, invoice before GR",OTHER,sourceSystemID_0000,vendor_0156,False,10,4507000323_00010,True,user_038,user_038,Create Purchase Order Item,72.0,02-01-2018 11:49:00.000
2989297238016,Others,companyID_0000,Standard PO,Customers,4507000323,Purchase order,vendorID_0158,Standard,"3-way match, invoice before GR",OTHER,sourceSystemID_0000,vendor_0156,False,30,4507000323_00030,True,user_038,user_038,Create Purchase Order Item,167.0,02-01-2018 11:49:00.000
2993592205312,Others,companyID_0000,Standard PO,Customers,4507000323,Purchase order,vendorID_0158,Standard,"3-way match, invoice before GR",OTHER,sourceSystemID_0000,vendor_0156,False,40,4507000323_00040,True,user_038,user_038,Create Purchase Order Item,193.0,02-01-2018 11:49:00.000
3010772074496,Trading & End Products,companyID_0000,Standard PO,Trading products (old structure),4507000325,Purchase order,vendorID_0160,Standard,"3-way match, invoice before GR",PR,sourceSystemID_0000,vendor_0158,False,20,4507000325_00020,True,user_070,user_070,Create Purchase Order Item,7583.0,02-01-2018 11:53:00.000
3027951943680,Trading & End Products,companyID_0000,Standard PO,Trading products (old structure),4507000325,Purchase order,vendorID_0160,Standard,"3-way match, invoice before GR",PR,sourceSystemID_0000,vendor_0158,False,60,4507000325_00060,True,user_070,user_070,Create Purchase Order Item,7133.0,02-01-2018 11:53:00.000
3023656976384,Trading & End Products,companyID_0000,Standard PO,Trading products (old structure),4507000325,Purchase order,vendorID_0160,Standard,"3-way match, invoice before GR",PR,sourceSystemID_0000,vendor_0158,False,50,4507000325_00050,True,user_070,user_070,Create Purchase Order Item,3966.0,02-01-2018 11:53:00.000
3019362009088,Trading & End Products,companyID_0000,Standard PO,Trading products (old structure),4507000325,Purchase order,vendorID_0160,Standard,"3-way match, invoice before GR",PR,sourceSystemID_0000,vendor_0158,False,40,4507000325_00040,True,user_070,user_070,Create Purchase Order Item,8498.0,02-01-2018 11:53:00.000
3015067041792,Trading & End Products,companyID_0000,Standard PO,Trading products (old structure),4507000325,Purchase order,vendorID_0160,Standard,"3-way match, invoice before GR",PR,sourceSystemID_0000,vendor_0158,False,30,4507000325_00030,True,user_070,user_070,Create Purchase Order Item,4249.0,02-01-2018 11:53:00.000
3006477107200,Trading & End Products,companyID_0000,Standard PO,Trading products (old structure),4507000325,Purchase order,vendorID_0160,Standard,"3-way match, invoice before GR",PR,sourceSystemID_0000,vendor_0158,False,10,4507000325_00010,True,user_070,user_070,Create Purchase Order Item,4298.0,02-01-2018 11:53:00.000
3002182139904,Latex & Monomers,companyID_0000,Standard PO,Opaque Polymers,4507000324,Purchase order,vendorID_0159,Consignment,Consignment,PR,sourceSystemID_0000,vendor_0157,False,10,4507000324_00010,True,user_064,user_064,Create Purchase Order Item,0.0,02-01-2018 11:53:00.000
3032246910976,Latex & Monomers,companyID_0000,Standard PO,Opaque Polymers,4507000326,Purchase order,vendorID_0159,Consignment,Consignment,PR,sourceSystemID_0000,vendor_0157,False,10,4507000326_00010,True,user_064,user_064,Create Purchase Order Item,0.0,02-01-2018 11:54:00.000
3036541878272,Latex & Monomers,companyID_0000,Standard PO,Opaque Polymers,4507000327,Purchase order,vendorID_0159,Consignment,Consignment,PR,sourceSystemID_0000,vendor_0157,False,10,4507000327_00010,True,user_064,user_064,Create Purchase Order Item,0.0,02-01-2018 11:54:00.000
3040836845568,Trading & End Products,companyID_0000,Standard PO,Trading products (old structure),4507000328,Purchase order,vendorID_0161,Standard,"3-way match, invoice before GR",PR,sourceSystemID_0000,vendor_0159,False,10,4507000328_00010,True,user_070,user_070,Create Purchase Order Item,13382.0,02-01-2018 11:55:00.000
3045131812864,Latex & Monomers,companyID_0000,Standard PO,Opaque Polymers,4507000329,Purchase order,vendorID_0159,Consignment,Consignment,PR,sourceSystemID_0000,vendor_0157,False,10,4507000329_00010,True,user_064,user_064,Create Purchase Order Item,0.0,02-01-2018 11:55:00.000
3053721747456,Latex & Monomers,companyID_0000,Standard PO,Opaque Polymers,4507000331,Purchase order,vendorID_0159,Consignment,Consignment,PR,sourceSystemID_0000,vendor_0157,False,10,4507000331_00010,True,user_064,user_064,Create Purchase Order Item,0.0,02-01-2018 11:57:00.000
3049426780160,Latex & Monomers,companyID_0000,Standard PO,Opaque Polymers,4507000330,Purchase order,vendorID_0159,Consignment,Consignment,PR,sourceSystemID_0000,vendor_0157,False,10,4507000330_00010,True,user_064,user_064,Create Purchase Order Item,0.0,02-01-2018 11:57:00.000
3058016714752,Latex & Monomers,companyID_0000,Standard PO,Opaque Polymers,4507000332,Purchase order,vendorID_0159,Consignment,Consignment,PR,sourceSystemID_0000,vendor_0157,False,10,4507000332_00010,True,user_064,user_064,Create Purchase Order Item,0.0,02-01-2018 11:57:00.000
3062311682048,Latex & Monomers,companyID_0000,Standard PO,Opaque Polymers,4507000333,Purchase order,vendorID_0159,Consignment,Consignment,PR,sourceSystemID_0000,vendor_0157,False,10,4507000333_00010,True,user_064,user_064,Create Purchase Order Item,0.0,02-01-2018 11:58:00.000
3083786518528,Packaging,companyID_0000,Standard PO,Plastic Containers & Lids < 30L,4507000335,Purchase order,vendorID_0162,Standard,"3-way match, invoice before GR",PR,sourceSystemID_0000,vendor_0160,False,40,4507000335_00040,True,user_052,user_052,Create Purchase Order Item,696.0,02-01-2018 11:59:00.000
3079491551232,Packaging,companyID_0000,Standard PO,Plastic Containers & Lids < 30L,4507000335,Purchase order,vendorID_0162,Standard,"3-way match, invoice before GR",PR,sourceSystemID_0000,vendor_0160,False,30,4507000335_00030,True,user_052,user_052,Create Purchase Order Item,749.0,02-01-2018 11:59:00.000
3066606649344,Latex & Monomers,companyID_0000,Standard PO,Opaque Polymers,4507000334,Purchase order,vendorID_0159,Consignment,Consignment,PR,sourceSystemID_0000,vendor_0157,False,10,4507000334_00010,True,user_064,user_064,Create Purchase Order Item,0.0,02-01-2018 11:59:00.000
3075196583936,Packaging,companyID_0000,Standard PO,Plastic Containers & Lids < 30L,4507000335,Purchase order,vendorID_0162,Standard,"3-way match, invoice before GR",PR,sourceSystemID_0000,vendor_0160,False,20,4507000335_00020,True,user_052,user_052,Create Purchase Order Item,2089.0,02-01-2018 11:59:00.000
3070901616640,Packaging,companyID_0000,Standard PO,Plastic Containers & Lids < 30L,4507000335,Purchase order,vendorID_0162,Standard,"3-way match, invoice before GR",PR,sourceSystemID_0000,vendor_0160,False,10,4507000335_00010,True,user_052,user_052,Create Purchase Order Item,609.0,02-01-2018 11:59:00.000
3092376453120,Packaging,companyID_0000,Standard PO,Plastic Containers & Lids < 30L,4507000335,Purchase order,vendorID_0162,Standard,"3-way match, invoice before GR",PR,sourceSystemID_0000,vendor_0160,False,60,4507000335_00060,True,user_052,user_052,Create Purchase Order Item,3458.0,02-01-2018 11:59:00.000
3088081485824,Packaging,companyID_0000,Standard PO,Plastic Containers & Lids < 30L,4507000335,Purchase order,vendorID_0162,Standard,"3-way match, invoice before GR",PR,sourceSystemID_0000,vendor_0160,False,50,4507000335_00050,True,user_052,user_052,Create Purchase Order Item,1808.0,02-01-2018 11:59:00.000
3096671420416,Additives,companyID_0000,Standard PO,Surfactants,4507000336,Purchase order,vendorID_0163,Standard,"3-way match, invoice before GR",PR,sourceSystemID_0000,vendor_0161,False,10,4507000336_00010,True,user_075,user_075,Create Purchase Order Item,2650.0,02-01-2018 12:00:00.000
3105261355008,Solvents,companyID_0000,Standard PO,Ester Solvents,4507000337,Purchase order,vendorID_0153,Standard,"3-way match, invoice before GR",PR,sourceSystemID_0000,vendor_0151,False,10,4507000337_00010,True,user_064,user_064,Create Purchase Order Item,42556.0,02-01-2018 12:00:00.000
3109556322304,CAPEX & SOCS,companyID_0000,Standard PO,Laboratory Supplies & Services,4507000338,Purchase order,vendorID_0164,Standard,"3-way match, invoice before GR",NPR,sourceSystemID_0000,vendor_0162,False,10,4507000338_00010,True,user_068,user_068,Create Purchase Order Item,3323.0,02-01-2018 12:01:00.000
3113851289600,Packaging,companyID_0000,Standard PO,Closures,4507000338,Purchase order,vendorID_0164,Standard,"3-way match, invoice before GR",PR,sourceSystemID_0000,vendor_0162,False,20,4507000338_00020,True,user_068,user_068,Create Purchase Order Item,160.0,02-01-2018 12:01:00.000
3126736191488,Packaging,companyID_0000,Standard PO,Labels,4507000339,Purchase order,vendorID_0165,Standard,"3-way match, invoice after GR",PR,sourceSystemID_0000,vendor_0163,True,30,4507000339_00030,True,user_079,user_079,Create Purchase Order Item,367.0,02-01-2018 12:02:00.000
3122441224192,Packaging,companyID_0000,Standard PO,Labels,4507000339,Purchase order,vendorID_0165,Standard,"3-way match, invoice before GR",PR,sourceSystemID_0000,vendor_0163,False,20,4507000339_00020,True,user_079,user_079,Create Purchase Order Item,652.0,02-01-2018 12:02:00.000
3156800962560,Packaging,companyID_0000,Standard PO,Labels,4507000339,Purchase order,vendorID_0165,Standard,"3-way match, invoice before GR",PR,sourceSystemID_0000,vendor_0163,False,100,4507000339_00100,True,user_079,user_079,Create Purchase Order Item,223.0,02-01-2018 12:02:00.000
3118146256896,Packaging,companyID_0000,Standard PO,Labels,4507000339,Purchase order,vendorID_0165,Standard,"3-way match, invoice before GR",PR,sourceSystemID_0000,vendor_0163,False,10,4507000339_00010,True,user_079,user_079,Create Purchase Order Item,369.0,02-01-2018 12:02:00.000
3165390897152,Packaging,companyID_0000,Standard PO,Labels,4507000339,Purchase order,vendorID_0165,Standard,"3-way match, invoice after GR",PR,sourceSystemID_0000,vendor_0163,True,120,4507000339_00120,True,user_079,user_079,Create Purchase Order Item,367.0,02-01-2018 12:02:00.000
3161095929856,Packaging,companyID_0000,Standard PO,Labels,4507000339,Purchase order,vendorID_0165,Standard,"3-way match, invoice after GR",PR,sourceSystemID_0000,vendor_0163,True,110,4507000339_00110,True,user_079,user_079,Create Purchase Order Item,522.0,02-01-2018 12:02:00.000
3143916060672,Packaging,companyID_0000,Standard PO,Labels,4507000339,Purchase order,vendorID_0165,Standard,"3-way match, invoice before GR",PR,sourceSystemID_0000,vendor_0163,False,70,4507000339_00070,True,user_079,user_079,Create Purchase Order Item,164.0,02-01-2018 12:02:00.000
3148211027968,Packaging,companyID_0000,Standard PO,Labels,4507000339,Purchase order,vendorID_0165,Standard,"3-way match, invoice before GR",PR,sourceSystemID_0000,vendor_0163,False,80,4507000339_00080,True,user_079,user_079,Create Purchase Order Item,213.0,02-01-2018 12:02:00.000
3139621093376,Packaging,companyID_0000,Standard PO,Labels,4507000339,Purchase order,vendorID_0165,Standard,"3-way match, invoice before GR",PR,sourceSystemID_0000,vendor_0163,False,60,4507000339_00060,True,user_079,user_079,Create Purchase Order Item,62.0,02-01-2018 12:02:00.000
3135326126080,Packaging,companyID_0000,Standard PO,Labels,4507000339,Purchase order,vendorID_0165,Standard,"3-way match, invoice after GR",PR,sourceSystemID_0000,vendor_0163,True,50,4507000339_00050,True,user_079,user_079,Create Purchase Order Item,912.0,02-01-2018 12:02:00.000
3152505995264,Packaging,companyID_0000,Standard PO,Labels,4507000339,Purchase order,vendorID_0165,Standard,"3-way match, invoice before GR",PR,sourceSystemID_0000,vendor_0163,False,90,4507000339_00090,True,user_079,user_079,Create Purchase Order Item,299.0,02-01-2018 12:02:00.000
3131031158784,Packaging,companyID_0000,Standard PO,Labels,4507000339,Purchase order,vendorID_0165,Standard,"3-way match, invoice before GR",PR,sourceSystemID_0000,vendor_0163,False,40,4507000339_00040,True,user_079,user_079,Create Purchase Order Item,223.0,02-01-2018 12:02:00.000
3169685864448,Additives,companyID_0000,Standard PO,Light & Heat Stabilizers,4507000340,Purchase order,vendorID_0166,Standard,"3-way match, invoice before GR",PR,sourceSystemID_0000,vendor_0164,False,10,4507000340_00010,True,user_075,user_075,Create Purchase Order Item,24317.0,02-01-2018 12:08:00.000
3186865733632,Packaging,companyID_0000,Standard PO,Metal Containers & Lids < 30L,4507000341,Purchase order,vendorID_0167,Standard,"3-way match, invoice before GR",PR,sourceSystemID_0000,vendor_0165,False,40,4507000341_00040,True,user_068,user_068,Create Purchase Order Item,2486.0,02-01-2018 12:08:00.000
3182570766336,Packaging,companyID_0000,Standard PO,Metal Containers & Lids < 30L,4507000341,Purchase order,vendorID_0167,Standard,"3-way match, invoice before GR",PR,sourceSystemID_0000,vendor_0165,False,30,4507000341_00030,True,user_068,user_068,Create Purchase Order Item,2975.0,02-01-2018 12:08:00.000
3191160700928,Packaging,companyID_0000,Standard PO,Metal Containers & Lids < 30L,4507000341,Purchase order,vendorID_0167,Standard,"3-way match, invoice before GR",PR,sourceSystemID_0000,vendor_0165,False,50,4507000341_00050,True,user_068,user_068,Create Purchase Order Item,664.0,02-01-2018 12:08:00.000
3173980831744,Packaging,companyID_0000,Standard PO,Metal Containers & Lids < 30L,4507000341,Purchase order,vendorID_0167,Standard,"3-way match, invoice before GR",PR,sourceSystemID_0000,vendor_0165,False,10,4507000341_00010,True,user_068,user_068,Create Purchase Order Item,1093.0,02-01-2018 12:08:00.000
3178275799040,Packaging,companyID_0000,Standard PO,Metal Containers & Lids < 30L,4507000341,Purchase order,vendorID_0167,Standard,"3-way match, invoice before GR",PR,sourceSystemID_0000,vendor_0165,False,20,4507000341_00020,True,user_068,user_068,Create Purchase Order Item,15049.0,02-01-2018 12:08:00.000
3204045602816,Additives,companyID_0000,Standard PO,Extenders,4507000344,Purchase order,vendorID_0151,Standard,"3-way match, invoice before GR",PR,sourceSystemID_0000,vendor_0149,False,10,4507000344_00010,True,user_064,user_064,Create Purchase Order Item,11077.0,02-01-2018 12:11:00.000
3199750635520,Additives,companyID_0000,Standard PO,Extenders,4507000343,Purchase order,vendorID_0151,Standard,"3-way match, invoice before GR",PR,sourceSystemID_0000,vendor_0149,False,10,4507000343_00010,True,user_064,user_064,Create Purchase Order Item,11077.0,02-01-2018 12:11:00.000
3195455668224,Additives,companyID_0000,Standard PO,Extenders,4507000342,Purchase order,vendorID_0151,Standard,"3-way match, invoice before GR",PR,sourceSystemID_0000,vendor_0149,False,10,4507000342_00010,True,user_064,user_064,Create Purchase Order Item,11077.0,02-01-2018 12:11:00.000
3208340570112,Additives,companyID_0000,Standard PO,Extenders,4507000345,Purchase order,vendorID_0151,Standard,"3-way match, invoice before GR",PR,sourceSystemID_0000,vendor_0149,False,10,4507000345_00010,True,user_064,user_064,Create Purchase Order Item,11077.0,02-01-2018 12:12:00.000
3212635537408,Additives,companyID_0000,Standard PO,Extenders,4507000346,Purchase order,vendorID_0151,Standard,"3-way match, invoice before GR",PR,sourceSystemID_0000,vendor_0149,False,10,4507000346_00010,True,user_064,user_064,Create Purchase Order Item,11077.0,02-01-2018 12:12:00.000
3221225472000,Additives,companyID_0000,Standard PO,Extenders,4507000348,Purchase order,vendorID_0151,Standard,"3-way match, invoice before GR",PR,sourceSystemID_0000,vendor_0149,False,10,4507000348_00010,True,user_064,user_064,Create Purchase Order Item,11077.0,02-01-2018 12:13:00.000
3216930504704,Additives,companyID_0000,Standard PO,Extenders,4507000347,Purchase order,vendorID_0151,Standard,"3-way match, invoice before GR",PR,sourceSystemID_0000,vendor_0149,False,10,4507000347_00010,True,user_064,user_064,Create Purchase Order Item,11077.0,02-01-2018 12:13:00.000
3225520439296,Additives,companyID_0000,Standard PO,Extenders,4507000349,Purchase order,vendorID_0151,Standard,"3-way match, invoice before GR",PR,sourceSystemID_0000,vendor_0149,False,10,4507000349_00010,True,user_064,user_064,Create Purchase Order Item,11077.0,02-01-2018 12:14:00.000
3229815406592,Additives,companyID_0000,Standard PO,Biocides,4507000350,Purchase order,vendorID_0168,Standard,"3-way match, invoice before GR",PR,sourceSystemID_0000,vendor_0166,False,10,4507000350_00010,True,user_075,user_075,Create Purchase Order Item,18359.0,02-01-2018 12:15:00.000
3234110373888,Additives,companyID_0000,Standard PO,Extenders,4507000351,Purchase order,vendorID_0151,Standard,"3-way match, invoice before GR",PR,sourceSystemID_0000,vendor_0149,False,10,4507000351_00010,True,user_064,user_064,Create Purchase Order Item,11077.0,02-01-2018 12:15:00.000
3238405341184,Additives,companyID_0000,Standard PO,Extenders,4507000352,Purchase order,vendorID_0151,Standard,"3-way match, invoice before GR",PR,sourceSystemID_0000,vendor_0149,False,10,4507000352_00010,True,user_064,user_064,Create Purchase Order Item,11077.0,02-01-2018 12:16:00.000
3242700308480,Additives,companyID_0000,Standard PO,Extenders,4507000353,Purchase order,vendorID_0169,Standard,"3-way match, invoice before GR",PR,sourceSystemID_0000,vendor_0167,False,10,4507000353_00010,True,user_075,user_075,Create Purchase Order Item,32303.0,02-01-2018 12:16:00.000
3246995275776,Additives,companyID_0000,Standard PO,Extenders,4507000354,Purchase order,vendorID_0151,Standard,"3-way match, invoice before GR",PR,sourceSystemID_0000,vendor_0149,False,10,4507000354_00010,True,user_064,user_064,Create Purchase Order Item,11077.0,02-01-2018 12:16:00.000
3255585210368,Pigments & Colorants,companyID_0000,Standard PO,Colorants,4507000355,Purchase order,vendorID_0170,Standard,"3-way match, invoice before GR",PR,sourceSystemID_0000,vendor_0168,False,20,4507000355_00020,True,user_075,user_075,Create Purchase Order Item,1325.0,02-01-2018 12:20:00.000
3251290243072,Pigments & Colorants,companyID_0000,Standard PO,Colorants,4507000355,Purchase order,vendorID_0170,Standard,"3-way match, invoice before GR",PR,sourceSystemID_0000,vendor_0168,False,10,4507000355_00010,True,user_075,user_075,Create Purchase Order Item,9734.0,02-01-2018 12:20:00.000
3259880177664,Pigments & Colorants,companyID_0000,Standard PO,Colorants,4507000355,Purchase order,vendorID_0170,Standard,"3-way match, invoice before GR",PR,sourceSystemID_0000,vendor_0168,False,30,4507000355_00030,True,user_075,user_075,Create Purchase Order Item,1943.0,02-01-2018 12:20:00.000
3285649981440,,companyID_0000,Standard PO,,4507000358,Purchase order,vendorID_0171,Standard,"3-way match, invoice before GR",,sourceSystemID_0000,vendor_0169,False,20,4507000358_00020,True,user_075,user_075,Create Purchase Order Item,8.0,02-01-2018 12:22:00.000
3277060046848,Additives,companyID_0000,Standard PO,Rheology & Thixotropic Agents,4507000357,Purchase order,vendorID_0159,Standard,"3-way match, invoice before GR",PR,sourceSystemID_0000,vendor_0157,False,10,4507000357_00010,True,user_064,user_064,Create Purchase Order Item,23931.0,02-01-2018 12:22:00.000
3289944948736,,companyID_0000,Standard PO,,4507000358,Purchase order,vendorID_0171,Standard,"3-way match, invoice before GR",,sourceSystemID_0000,vendor_0169,False,30,4507000358_00030,True,user_075,user_075,Create Purchase Order Item,7875.0,02-01-2018 12:22:00.000
3281355014144,,companyID_0000,Standard PO,,4507000358,Purchase order,vendorID_0171,Standard,"3-way match, invoice before GR",,sourceSystemID_0000,vendor_0169,False,10,4507000358_00010,True,user_075,user_075,Create Purchase Order Item,5719.0,02-01-2018 12:22:00.000
3272765079552,Additives,companyID_0000,Standard PO,Rheology & Thixotropic Agents,4507000356,Purchase order,vendorID_0159,Standard,"3-way match, invoice before GR",PR,sourceSystemID_0000,vendor_0157,False,10,4507000356_00010,True,user_064,user_064,Create Purchase Order Item,23931.0,02-01-2018 12:22:00.000
3302829850624,Packaging,companyID_0000,Standard PO,Plastic Containers & Lids < 30L,4507000359,Purchase order,vendorID_0172,Standard,"3-way match, invoice before GR",PR,sourceSystemID_0000,vendor_0170,False,30,4507000359_00030,True,user_052,user_052,Create Purchase Order Item,1280.0,02-01-2018 12:25:00.000
3294239916032,Packaging,companyID_0000,Standard PO,Plastic Containers & Lids < 30L,4507000359,Purchase order,vendorID_0172,Standard,"3-way match, invoice before GR",PR,sourceSystemID_0000,vendor_0170,False,10,4507000359_00010,True,user_052,user_052,Create Purchase Order Item,999.0,02-01-2018 12:25:00.000
3298534883328,Packaging,companyID_0000,Standard PO,Plastic Containers & Lids < 30L,4507000359,Purchase order,vendorID_0172,Standard,"3-way match, invoice before GR",PR,sourceSystemID_0000,vendor_0170,False,20,4507000359_00020,True,user_052,user_052,Create Purchase Order Item,2102.0,02-01-2018 12:25:00.000
3285649981441,,companyID_0000,Standard PO,,4507000358,Purchase order,vendorID_0171,Standard,"3-way match, invoice before GR",,sourceSystemID_0000,vendor_0169,False,20,4507000358_00020,True,user_075,user_075,Delete Purchase Order Item,8.0,02-01-2018 12:25:00.000
3285649981442,,companyID_0000,Standard PO,,4507000358,Purchase order,vendorID_0171,Standard,"3-way match, invoice before GR",,sourceSystemID_0000,vendor_0169,False,20,4507000358_00020,True,user_075,user_075,Change Quantity,8.0,02-01-2018 12:25:00.000
3272765079553,Additives,companyID_0000,Standard PO,Rheology & Thixotropic Agents,4507000356,Purchase order,vendorID_0159,Standard,"3-way match, invoice before GR",PR,sourceSystemID_0000,vendor_0157,False,10,4507000356_00010,True,user_029,user_029,Receive Order Confirmation,23931.0,02-01-2018 12:29:00.000
3277060046849,Additives,companyID_0000,Standard PO,Rheology & Thixotropic Agents,4507000357,Purchase order,vendorID_0159,Standard,"3-way match, invoice before GR",PR,sourceSystemID_0000,vendor_0157,False,10,4507000357_00010,True,user_029,user_029,Receive Order Confirmation,23931.0,02-01-2018 12:29:00.000
3332894621696,Packaging,companyID_0000,Standard PO,Metal Containers & Lids < 30L,4507000361,Purchase order,vendorID_0172,Standard,"3-way match, invoice before GR",PR,sourceSystemID_0000,vendor_0170,False,60,4507000361_00060,True,user_052,user_052,Create Purchase Order Item,614.0,02-01-2018 12:33:00.000
3328599654400,Packaging,companyID_0000,Standard PO,Metal Containers & Lids < 30L,4507000361,Purchase order,vendorID_0172,Standard,"3-way match, invoice before GR",PR,sourceSystemID_0000,vendor_0170,False,50,4507000361_00050,True,user_052,user_052,Create Purchase Order Item,614.0,02-01-2018 12:33:00.000
3324304687104,Packaging,companyID_0000,Standard PO,Plastic Containers & Lids < 30L,4507000361,Purchase order,vendorID_0172,Standard,"3-way match, invoice before GR",PR,sourceSystemID_0000,vendor_0170,False,40,4507000361_00040,True,user_052,user_052,Create Purchase Order Item,814.0,02-01-2018 12:33:00.000
3307124817920,Additives,companyID_0000,Standard PO,Surfactants,4507000360,Purchase order,vendorID_0141,Standard,"3-way match, invoice before GR",PR,sourceSystemID_0000,vendor_0140,False,10,4507000360_00010,True,user_075,user_075,Create Purchase Order Item,13891.0,02-01-2018 12:33:00.000
3311419785216,Packaging,companyID_0000,Standard PO,Plastic Containers & Lids < 30L,4507000361,Purchase order,vendorID_0172,Standard,"3-way match, invoice before GR",PR,sourceSystemID_0000,vendor_0170,False,10,4507000361_00010,True,user_052,user_052,Create Purchase Order Item,1296.0,02-01-2018 12:33:00.000
3315714752512,Packaging,companyID_0000,Standard PO,Plastic Containers & Lids < 30L,4507000361,Purchase order,vendorID_0172,Standard,"3-way match, invoice before GR",PR,sourceSystemID_0000,vendor_0170,False,20,4507000361_00020,True,user_052,user_052,Create Purchase Order Item,1216.0,02-01-2018 12:33:00.000
3320009719808,Packaging,companyID_0000,Standard PO,Plastic Containers & Lids < 30L,4507000361,Purchase order,vendorID_0172,Standard,"3-way match, invoice before GR",PR,sourceSystemID_0000,vendor_0170,False,30,4507000361_00030,True,user_052,user_052,Create Purchase Order Item,686.0,02-01-2018 12:33:00.000
3337189588992,Packaging,companyID_0000,Standard PO,Plastic Containers & Lids < 30L,4507000361,Purchase order,vendorID_0172,Standard,"3-way match, invoice before GR",PR,sourceSystemID_0000,vendor_0170,False,70,4507000361_00070,True,user_052,user_052,Create Purchase Order Item,3070.0,02-01-2018 12:33:00.000
3341484556288,Additives,companyID_0000,Standard PO,Waxes,4507000362,Purchase order,vendorID_0173,Standard,"3-way match, invoice before GR",PR,sourceSystemID_0000,vendor_0171,False,10,4507000362_00010,True,user_075,user_075,Create Purchase Order Item,93509.0,02-01-2018 12:34:00.000
3345779523585,Additives,companyID_0000,Standard PO,Plasticizers,4507000363,Purchase order,vendorID_0174,Standard,"3-way match, invoice before GR",PR,sourceSystemID_0000,vendor_0172,False,10,4507000363_00010,True,user_075,user_075,Delete Purchase Order Item,10053.0,02-01-2018 12:35:00.000
3345779523584,Additives,companyID_0000,Standard PO,Plasticizers,4507000363,Purchase order,vendorID_0174,Standard,"3-way match, invoice before GR",PR,sourceSystemID_0000,vendor_0172,False,10,4507000363_00010,True,user_075,user_075,Create Purchase Order Item,10053.0,02-01-2018 12:35:00.000
3350074490881,Additives,companyID_0000,Standard PO,Plasticizers,4507000364,Purchase order,vendorID_0174,Standard,"3-way match, invoice before GR",PR,sourceSystemID_0000,vendor_0172,False,10,4507000364_00010,True,user_075,user_075,Delete Purchase Order Item,10053.0,02-01-2018 12:36:00.000
3350074490880,Additives,companyID_0000,Standard PO,Plasticizers,4507000364,Purchase order,vendorID_0174,Standard,"3-way match, invoice before GR",PR,sourceSystemID_0000,vendor_0172,False,10,4507000364_00010,True,user_075,user_075,Create Purchase Order Item,10053.0,02-01-2018 12:36:00.000
3362959392768,Trading & End Products,companyID_0000,Standard PO,Trading products (old structure),4507000366,Purchase order,vendorID_0176,Standard,"3-way match, invoice before GR",PR,sourceSystemID_0000,vendor_0174,False,20,4507000366_00020,True,user_084,user_084,Create Purchase Order Item,3679.0,02-01-2018 12:47:00.000
3358664425472,Trading & End Products,companyID_0000,Standard PO,Trading products (old structure),4507000366,Purchase order,vendorID_0176,Standard,"3-way match, invoice before GR",PR,sourceSystemID_0000,vendor_0174,False,10,4507000366_00010,True,user_084,user_084,Create Purchase Order Item,11719.0,02-01-2018 12:47:00.000
3354369458176,Packaging,companyID_0000,Standard PO,Metal Containers & Lids < 30L,4507000365,Purchase order,vendorID_0175,Standard,"3-way match, invoice before GR",PR,sourceSystemID_0000,vendor_0173,False,10,4507000365_00010,True,user_033,user_033,Create Purchase Order Item,4140.0,02-01-2018 12:47:00.000
3367254360064,Additives,companyID_0000,Standard PO,Biocides,4507000367,Purchase order,vendorID_0177,Standard,"3-way match, invoice before GR",PR,sourceSystemID_0000,vendor_0175,False,10,4507000367_00010,True,user_075,user_075,Create Purchase Order Item,524.0,02-01-2018 12:48:00.000
3371549327360,Additives,companyID_0000,Standard PO,Biocides,4507000367,Purchase order,vendorID_0177,Standard,"3-way match, invoice before GR",PR,sourceSystemID_0000,vendor_0175,False,20,4507000367_00020,True,user_075,user_075,Create Purchase Order Item,11951.0,02-01-2018 12:48:00.000
3375844294656,Packaging,companyID_0000,Standard PO,Plastic Containers & Lids < 30L,4507000368,Purchase order,vendorID_0178,Standard,"3-way match, invoice before GR",PR,sourceSystemID_0000,vendor_0176,False,10,4507000368_00010,True,user_052,user_052,Create Purchase Order Item,4998.0,02-01-2018 12:50:00.000
3405909065728,Packaging,companyID_0000,Standard PO,Plastic Containers & Lids < 30L,4507000368,Purchase order,vendorID_0178,Standard,"3-way match, invoice before GR",PR,sourceSystemID_0000,vendor_0176,False,90,4507000368_00090,True,user_052,user_052,Create Purchase Order Item,357.0,02-01-2018 12:50:00.000
3393024163840,Packaging,companyID_0000,Standard PO,Plastic Containers & Lids < 30L,4507000368,Purchase order,vendorID_0178,Standard,"3-way match, invoice before GR",PR,sourceSystemID_0000,vendor_0176,False,50,4507000368_00050,True,user_052,user_052,Create Purchase Order Item,1829.0,02-01-2018 12:50:00.000
3397319131136,Packaging,companyID_0000,Standard PO,Plastic Containers & Lids < 30L,4507000368,Purchase order,vendorID_0178,Standard,"3-way match, invoice before GR",PR,sourceSystemID_0000,vendor_0176,False,70,4507000368_00070,True,user_052,user_052,Create Purchase Order Item,633.0,02-01-2018 12:50:00.000
3388729196544,Packaging,companyID_0000,Standard PO,Plastic Containers & Lids < 30L,4507000368,Purchase order,vendorID_0178,Standard,"3-way match, invoice before GR",PR,sourceSystemID_0000,vendor_0176,False,40,4507000368_00040,True,user_052,user_052,Create Purchase Order Item,1543.0,02-01-2018 12:50:00.000
3401614098432,Packaging,companyID_0000,Standard PO,Plastic Containers & Lids < 30L,4507000368,Purchase order,vendorID_0178,Standard,"3-way match, invoice before GR",PR,sourceSystemID_0000,vendor_0176,False,80,4507000368_00080,True,user_052,user_052,Create Purchase Order Item,2161.0,02-01-2018 12:50:00.000
3384434229248,Packaging,companyID_0000,Standard PO,Plastic Containers & Lids < 30L,4507000368,Purchase order,vendorID_0178,Standard,"3-way match, invoice before GR",PR,sourceSystemID_0000,vendor_0176,False,30,4507000368_00030,True,user_052,user_052,Create Purchase Order Item,957.0,02-01-2018 12:50:00.000
3380139261952,Packaging,companyID_0000,Standard PO,Plastic Containers & Lids < 30L,4507000368,Purchase order,vendorID_0178,Standard,"3-way match, invoice before GR",PR,sourceSystemID_0000,vendor_0176,False,20,4507000368_00020,True,user_052,user_052,Create Purchase Order Item,2161.0,02-01-2018 12:50:00.000
3410204033024,Packaging,companyID_0000,Standard PO,Metal Containers & Lids < 30L,4507000369,Purchase order,vendorID_0167,Standard,"3-way match, invoice before GR",PR,sourceSystemID_0000,vendor_0165,False,10,4507000369_00010,True,user_085,user_085,Create Purchase Order Item,9219.0,02-01-2018 12:51:00.000
3414499000320,Packaging,companyID_0000,Standard PO,Metal Containers & Lids < 30L,4507000369,Purchase order,vendorID_0167,Standard,"3-way match, invoice before GR",PR,sourceSystemID_0000,vendor_0165,False,20,4507000369_00020,True,user_085,user_085,Create Purchase Order Item,11300.0,02-01-2018 12:51:00.000
3423088934912,Packaging,companyID_0000,Standard PO,Plastic Containers & Lids < 30L,4507000370,Purchase order,vendorID_0178,Standard,"3-way match, invoice before GR",PR,sourceSystemID_0000,vendor_0176,False,20,4507000370_00020,True,user_052,user_052,Create Purchase Order Item,379.0,02-01-2018 12:58:00.000
3418793967616,Packaging,companyID_0000,Standard PO,Plastic Containers & Lids < 30L,4507000370,Purchase order,vendorID_0178,Standard,"3-way match, invoice before GR",PR,sourceSystemID_0000,vendor_0176,False,10,4507000370_00010,True,user_052,user_052,Create Purchase Order Item,360.0,02-01-2018 12:58:00.000
3427383902208,Packaging,companyID_0000,Standard PO,Plastic Containers & Lids < 30L,4507000370,Purchase order,vendorID_0178,Standard,"3-way match, invoice before GR",PR,sourceSystemID_0000,vendor_0176,False,30,4507000370_00030,True,user_052,user_052,Create Purchase Order Item,1110.0,02-01-2018 12:58:00.000
3431678869504,Packaging,companyID_0000,Standard PO,Plastic Containers & Lids < 30L,4507000370,Purchase order,vendorID_0178,Standard,"3-way match, invoice before GR",PR,sourceSystemID_0000,vendor_0176,False,40,4507000370_00040,True,user_052,user_052,Create Purchase Order Item,1158.0,02-01-2018 12:58:00.000
3435973836800,Packaging,companyID_0000,Standard PO,Plastic Containers & Lids < 30L,4507000370,Purchase order,vendorID_0178,Standard,"3-way match, invoice before GR",PR,sourceSystemID_0000,vendor_0176,False,50,4507000370_00050,True,user_052,user_052,Create Purchase Order Item,3815.0,02-01-2018 12:58:00.000
3148211027969,Packaging,companyID_0000,Standard PO,Labels,4507000339,Purchase order,vendorID_0165,Standard,"3-way match, invoice before GR",PR,sourceSystemID_0000,vendor_0163,False,80,4507000339_00080,True,user_081,user_081,Change Price,213.0,02-01-2018 12:59:00.000
3461743640576,Sales,companyID_0000,Standard PO,Products for Resale,4507000371,Purchase order,vendorID_0179,Standard,"3-way match, invoice before GR",NPR,sourceSystemID_0000,vendor_0177,False,60,4507000371_00060,True,user_089,user_089,Create Purchase Order Item,841.0,02-01-2018 13:00:00.000
3466038607872,Sales,companyID_0000,Standard PO,Products for Resale,4507000371,Purchase order,vendorID_0179,Standard,"3-way match, invoice before GR",NPR,sourceSystemID_0000,vendor_0177,False,70,4507000371_00070,True,user_089,user_089,Create Purchase Order Item,360.0,02-01-2018 13:00:00.000
3470333575168,Sales,companyID_0000,Standard PO,Products for Resale,4507000371,Purchase order,vendorID_0179,Standard,"3-way match, invoice before GR",NPR,sourceSystemID_0000,vendor_0177,False,80,4507000371_00080,True,user_089,user_089,Create Purchase Order Item,14480.0,02-01-2018 13:00:00.000
3474628542464,Sales,companyID_0000,Standard PO,Products for Resale,4507000371,Purchase order,vendorID_0179,Standard,"3-way match, invoice before GR",NPR,sourceSystemID_0000,vendor_0177,False,90,4507000371_00090,True,user_089,user_089,Create Purchase Order Item,2374.0,02-01-2018 13:00:00.000
3453153705984,Sales,companyID_0000,Standard PO,Products for Resale,4507000371,Purchase order,vendorID_0179,Standard,"3-way match, invoice before GR",NPR,sourceSystemID_0000,vendor_0177,False,40,4507000371_00040,True,user_089,user_089,Create Purchase Order Item,453.0,02-01-2018 13:00:00.000
3457448673280,Sales,companyID_0000,Standard PO,Products for Resale,4507000371,Purchase order,vendorID_0179,Standard,"3-way match, invoice before GR",NPR,sourceSystemID_0000,vendor_0177,False,50,4507000371_00050,True,user_089,user_089,Create Purchase Order Item,1466.0,02-01-2018 13:00:00.000
3448858738688,Sales,companyID_0000,Standard PO,Products for Resale,4507000371,Purchase order,vendorID_0179,Standard,"3-way match, invoice before GR",NPR,sourceSystemID_0000,vendor_0177,False,30,4507000371_00030,True,user_089,user_089,Create Purchase Order Item,561.0,02-01-2018 13:00:00.000
3444563771392,Sales,companyID_0000,Standard PO,Products for Resale,4507000371,Purchase order,vendorID_0179,Standard,"3-way match, invoice before GR",NPR,sourceSystemID_0000,vendor_0177,False,20,4507000371_00020,True,user_089,user_089,Create Purchase Order Item,650.0,02-01-2018 13:00:00.000
3440268804096,Sales,companyID_0000,Standard PO,Products for Resale,4507000371,Purchase order,vendorID_0179,Standard,"3-way match, invoice before GR",NPR,sourceSystemID_0000,vendor_0177,False,10,4507000371_00010,True,user_089,user_089,Create Purchase Order Item,3154.0,02-01-2018 13:00:00.000
3491808411648,Packaging,companyID_0000,Standard PO,Labels,4507000373,Purchase order,vendorID_0180,Standard,"3-way match, invoice before GR",PR,sourceSystemID_0000,vendor_0178,False,20,4507000373_00020,True,user_052,user_052,Create Purchase Order Item,6031.0,02-01-2018 13:02:00.000
3483218477056,Packaging,companyID_0000,Standard PO,Plastic Containers & Lids < 30L,4507000372,Purchase order,vendorID_0104,Standard,"3-way match, invoice before GR",PR,sourceSystemID_0000,vendor_0104,False,10,4507000372_00010,True,user_060,user_060,Create Purchase Order Item,2168.0,02-01-2018 13:02:00.000
3487513444352,Packaging,companyID_0000,Standard PO,Labels,4507000373,Purchase order,vendorID_0180,Standard,"3-way match, invoice before GR",PR,sourceSystemID_0000,vendor_0178,False,10,4507000373_00010,True,user_052,user_052,Create Purchase Order Item,7162.0,02-01-2018 13:02:00.000
3508988280832,Sales,companyID_0000,Standard PO,Products for Resale,4507000374,Purchase order,vendorID_0179,Standard,"3-way match, invoice before GR",NPR,sourceSystemID_0000,vendor_0177,False,30,4507000374_00030,True,user_089,user_089,Create Purchase Order Item,2806.0,02-01-2018 13:05:00.000
3513283248128,Sales,companyID_0000,Standard PO,Products for Resale,4507000374,Purchase order,vendorID_0179,Standard,"3-way match, invoice before GR",NPR,sourceSystemID_0000,vendor_0177,False,40,4507000374_00040,True,user_089,user_089,Create Purchase Order Item,259.0,02-01-2018 13:05:00.000
3547642986496,Sales,companyID_0000,Standard PO,Products for Resale,4507000374,Purchase order,vendorID_0179,Standard,"3-way match, invoice before GR",NPR,sourceSystemID_0000,vendor_0177,False,120,4507000374_00120,True,user_089,user_089,Create Purchase Order Item,791.0,02-01-2018 13:05:00.000
3517578215424,Sales,companyID_0000,Standard PO,Products for Resale,4507000374,Purchase order,vendorID_0179,Standard,"3-way match, invoice before GR",NPR,sourceSystemID_0000,vendor_0177,False,50,4507000374_00050,True,user_089,user_089,Create Purchase Order Item,1574.0,02-01-2018 13:05:00.000
3539053051904,Sales,companyID_0000,Standard PO,Products for Resale,4507000374,Purchase order,vendorID_0179,Standard,"3-way match, invoice before GR",NPR,sourceSystemID_0000,vendor_0177,False,100,4507000374_00100,True,user_089,user_089,Create Purchase Order Item,740.0,02-01-2018 13:05:00.000
3500398346240,Sales,companyID_0000,Standard PO,Products for Resale,4507000374,Purchase order,vendorID_0179,Standard,"3-way match, invoice before GR",NPR,sourceSystemID_0000,vendor_0177,False,10,4507000374_00010,True,user_089,user_089,Create Purchase Order Item,1678.0,02-01-2018 13:05:00.000
3504693313536,Sales,companyID_0000,Standard PO,Products for Resale,4507000374,Purchase order,vendorID_0179,Standard,"3-way match, invoice before GR",NPR,sourceSystemID_0000,vendor_0177,False,20,4507000374_00020,True,user_089,user_089,Create Purchase Order Item,3154.0,02-01-2018 13:05:00.000
3521873182720,Sales,companyID_0000,Standard PO,Products for Resale,4507000374,Purchase order,vendorID_0179,Standard,"3-way match, invoice before GR",NPR,sourceSystemID_0000,vendor_0177,False,60,4507000374_00060,True,user_089,user_089,Create Purchase Order Item,650.0,02-01-2018 13:05:00.000
3543348019200,Sales,companyID_0000,Standard PO,Products for Resale,4507000374,Purchase order,vendorID_0179,Standard,"3-way match, invoice before GR",NPR,sourceSystemID_0000,vendor_0177,False,110,4507000374_00110,True,user_089,user_089,Create Purchase Order Item,7240.0,02-01-2018 13:05:00.000
3526168150016,Sales,companyID_0000,Standard PO,Products for Resale,4507000374,Purchase order,vendorID_0179,Standard,"3-way match, invoice before GR",NPR,sourceSystemID_0000,vendor_0177,False,70,4507000374_00070,True,user_089,user_089,Create Purchase Order Item,841.0,02-01-2018 13:05:00.000
3530463117312,Sales,companyID_0000,Standard PO,Products for Resale,4507000374,Purchase order,vendorID_0179,Standard,"3-way match, invoice before GR",NPR,sourceSystemID_0000,vendor_0177,False,80,4507000374_00080,True,user_089,user_089,Create Purchase Order Item,1466.0,02-01-2018 13:05:00.000
3534758084608,Sales,companyID_0000,Standard PO,Products for Resale,4507000374,Purchase order,vendorID_0179,Standard,"3-way match, invoice before GR",NPR,sourceSystemID_0000,vendor_0177,False,90,4507000374_00090,True,user_089,user_089,Create Purchase Order Item,1683.0,02-01-2018 13:05:00.000
3551937953792,Packaging,companyID_0000,Standard PO,Metal Containers & Lids < 30L,4507000375,Purchase order,vendorID_0181,Standard,"3-way match, invoice before GR",PR,sourceSystemID_0000,vendor_0179,False,10,4507000375_00010,True,user_052,user_052,Create Purchase Order Item,2367.0,02-01-2018 13:06:00.000
3560527888384,Packaging,companyID_0000,Standard PO,Metal Containers & Lids < 30L,4507000375,Purchase order,vendorID_0181,Standard,"3-way match, invoice before GR",PR,sourceSystemID_0000,vendor_0179,False,30,4507000375_00030,True,user_052,user_052,Create Purchase Order Item,4041.0,02-01-2018 13:06:00.000
3556232921088,Packaging,companyID_0000,Standard PO,Metal Containers & Lids < 30L,4507000375,Purchase order,vendorID_0181,Standard,"3-way match, invoice before GR",PR,sourceSystemID_0000,vendor_0179,False,20,4507000375_00020,True,user_052,user_052,Create Purchase Order Item,5942.0,02-01-2018 13:06:00.000
3478923509760,Sales,companyID_0000,Standard PO,Products for Resale,4507000371,Purchase order,vendorID_0179,Standard,"3-way match, invoice before GR",NPR,sourceSystemID_0000,vendor_0177,False,100,4507000371_00100,True,user_089,user_089,Create Purchase Order Item,1872.0,02-01-2018 13:08:00.000
3573412790272,Packaging,companyID_0000,Standard PO,Metal Containers & Lids < 30L,4507000376,Purchase order,vendorID_0181,Standard,"3-way match, invoice before GR",PR,sourceSystemID_0000,vendor_0179,False,30,4507000376_00030,True,user_052,user_052,Create Purchase Order Item,1437.0,02-01-2018 13:11:00.000
3564822855680,Packaging,companyID_0000,Standard PO,Metal Containers & Lids < 30L,4507000376,Purchase order,vendorID_0181,Standard,"3-way match, invoice before GR",PR,sourceSystemID_0000,vendor_0179,False,10,4507000376_00010,True,user_052,user_052,Create Purchase Order Item,2711.0,02-01-2018 13:11:00.000
3569117822976,Packaging,companyID_0000,Standard PO,Metal Containers & Lids < 30L,4507000376,Purchase order,vendorID_0181,Standard,"3-way match, invoice before GR",PR,sourceSystemID_0000,vendor_0179,False,20,4507000376_00020,True,user_052,user_052,Create Purchase Order Item,3375.0,02-01-2018 13:11:00.000
3199750635521,Additives,companyID_0000,Standard PO,Extenders,4507000343,Purchase order,vendorID_0151,Standard,"3-way match, invoice before GR",PR,sourceSystemID_0000,vendor_0149,False,10,4507000343_00010,True,user_029,user_029,Receive Order Confirmation,11077.0,02-01-2018 13:20:00.000
3195455668225,Additives,companyID_0000,Standard PO,Extenders,4507000342,Purchase order,vendorID_0151,Standard,"3-way match, invoice before GR",PR,sourceSystemID_0000,vendor_0149,False,10,4507000342_00010,True,user_029,user_029,Receive Order Confirmation,11077.0,02-01-2018 13:25:00.000
3577707757568,Packaging,companyID_0000,Standard PO,Labels,4507000377,Purchase order,vendorID_0182,Standard,"3-way match, invoice before GR",PR,sourceSystemID_0000,vendor_0180,False,10,4507000377_00010,True,user_085,user_085,Create Purchase Order Item,161.0,02-01-2018 13:32:00.000
3582002724864,Packaging,companyID_0000,Standard PO,Labels,4507000377,Purchase order,vendorID_0182,Standard,"3-way match, invoice before GR",PR,sourceSystemID_0000,vendor_0180,False,20,4507000377_00020,True,user_085,user_085,Create Purchase Order Item,101.0,02-01-2018 13:32:00.000
3586297692160,Packaging,companyID_0000,Standard PO,Labels,4507000377,Purchase order,vendorID_0182,Standard,"3-way match, invoice before GR",PR,sourceSystemID_0000,vendor_0180,False,30,4507000377_00030,True,user_085,user_085,Create Purchase Order Item,1984.0,02-01-2018 13:32:00.000
3590592659456,Packaging,companyID_0000,Standard PO,Labels,4507000377,Purchase order,vendorID_0182,Standard,"3-way match, invoice before GR",PR,sourceSystemID_0000,vendor_0180,False,40,4507000377_00040,True,user_085,user_085,Create Purchase Order Item,10141.0,02-01-2018 13:32:00.000
3594887626752,Packaging,companyID_0000,Standard PO,Labels,4507000377,Purchase order,vendorID_0182,Standard,"3-way match, invoice before GR",PR,sourceSystemID_0000,vendor_0180,False,50,4507000377_00050,True,user_085,user_085,Create Purchase Order Item,1246.0,02-01-2018 13:32:00.000
3599182594048,Latex & Monomers,companyID_0000,Standard PO,Pure Acrylics,4507000378,Purchase order,vendorID_0183,Standard,"3-way match, invoice after GR",PR,sourceSystemID_0000,vendor_0181,True,10,4507000378_00010,True,user_091,user_091,Create Purchase Order Item,37169.0,02-01-2018 13:34:00.000
3603477561344,Latex & Monomers,companyID_0000,Standard PO,Styrene Acrylics,4507000379,Purchase order,vendorID_0184,Standard,"3-way match, invoice before GR",PR,sourceSystemID_0000,vendor_0164,False,10,4507000379_00010,True,user_064,user_064,Create Purchase Order Item,40800.0,02-01-2018 13:40:00.000
3607772528640,Latex & Monomers,companyID_0000,Standard PO,Styrene Acrylics,4507000380,Purchase order,vendorID_0184,Standard,"3-way match, invoice before GR",PR,sourceSystemID_0000,vendor_0164,False,10,4507000380_00010,True,user_064,user_064,Create Purchase Order Item,40800.0,02-01-2018 13:41:00.000
3612067495936,Latex & Monomers,companyID_0000,Standard PO,Styrene Acrylics,4507000381,Purchase order,vendorID_0184,Standard,"3-way match, invoice before GR",PR,sourceSystemID_0000,vendor_0164,False,10,4507000381_00010,True,user_064,user_064,Create Purchase Order Item,40800.0,02-01-2018 13:41:00.000
3616362463232,Latex & Monomers,companyID_0000,Standard PO,Styrene Acrylics,4507000382,Purchase order,vendorID_0184,Standard,"3-way match, invoice before GR",PR,sourceSystemID_0000,vendor_0164,False,10,4507000382_00010,True,user_064,user_064,Create Purchase Order Item,40800.0,02-01-2018 13:41:00.000
3620657430528,Latex & Monomers,companyID_0000,Standard PO,Styrene Acrylics,4507000383,Purchase order,vendorID_0184,Standard,"3-way match, invoice before GR",PR,sourceSystemID_0000,vendor_0164,False,10,4507000383_00010,True,user_064,user_064,Create Purchase Order Item,40800.0,02-01-2018 13:42:00.000
3624952397824,Latex & Monomers,companyID_0000,Standard PO,Styrene Acrylics,4507000384,Purchase order,vendorID_0184,Standard,"3-way match, invoice before GR",PR,sourceSystemID_0000,vendor_0164,False,10,4507000384_00010,True,user_064,user_064,Create Purchase Order Item,40800.0,02-01-2018 13:43:00.000
3629247365120,Latex & Monomers,companyID_0000,Standard PO,Styrene Acrylics,4507000385,Purchase order,vendorID_0184,Standard,"3-way match, invoice before GR",PR,sourceSystemID_0000,vendor_0164,False,10,4507000385_00010,True,user_064,user_064,Create Purchase Order Item,40800.0,02-01-2018 13:43:00.000
3633542332416,Latex & Monomers,companyID_0000,Standard PO,Styrene Acrylics,4507000386,Purchase order,vendorID_0184,Standard,"3-way match, invoice before GR",PR,sourceSystemID_0000,vendor_0164,False,10,4507000386_00010,True,user_064,user_064,Create Purchase Order Item,40800.0,02-01-2018 13:44:00.000
3637837299712,Sales,companyID_0000,Standard PO,Products for Resale,4507000387,Purchase order,vendorID_0185,Standard,"3-way match, invoice before GR",NPR,sourceSystemID_0000,vendor_0182,False,10,4507000387_00010,True,user_092,user_092,Create Purchase Order Item,165780.0,02-01-2018 13:44:00.000
3642132267008,Latex & Monomers,companyID_0000,Standard PO,Styrene Acrylics,4507000388,Purchase order,vendorID_0184,Standard,"3-way match, invoice before GR",PR,sourceSystemID_0000,vendor_0164,False,10,4507000388_00010,True,user_064,user_064,Create Purchase Order Item,40800.0,02-01-2018 13:44:00.000
3483218477057,Packaging,companyID_0000,Standard PO,Plastic Containers & Lids < 30L,4507000372,Purchase order,vendorID_0104,Standard,"3-way match, invoice before GR",PR,sourceSystemID_0000,vendor_0104,False,10,4507000372_00010,True,user_029,user_029,Receive Order Confirmation,2168.0,02-01-2018 13:45:00.000
3646427234304,Packaging,companyID_0000,Standard PO,Labels,4507000389,Purchase order,vendorID_0186,Standard,"3-way match, invoice before GR",PR,sourceSystemID_0000,vendor_0183,False,10,4507000389_00010,True,user_079,user_079,Create Purchase Order Item,110.0,02-01-2018 13:50:00.000
3650722201600,Pigments & Colorants,companyID_0000,Standard PO,Carbon Black Pigments,4507000390,Purchase order,vendorID_0187,Standard,"3-way match, invoice before GR",PR,sourceSystemID_0000,vendor_0184,False,10,4507000390_00010,True,user_095,user_095,Create Purchase Order Item,10116.0,02-01-2018 13:51:00.000
0,CAPEX & SOCS,companyID_0000,EC Purchase order,Facility Management,2000000000,Purchase order,vendorID_0000,Standard,"3-way match, invoice before GR",NPR,sourceSystemID_0000,vendor_0000,False,1,2000000000_00001,True,batch_00,batch_00,SRM: Created,298.0,02-01-2018 13:53:00.000
3659312136192,Packaging,companyID_0000,Standard PO,Plastic Containers & Lids < 30L,4507000391,Purchase order,vendorID_0162,Standard,"3-way match, invoice before GR",PR,sourceSystemID_0000,vendor_0160,False,10,4507000391_00010,True,user_097,user_097,Create Purchase Order Item,7894.0,02-01-2018 13:56:00.000
3663607103488,Packaging,companyID_0000,Standard PO,Plastic Containers & Lids < 30L,4507000391,Purchase order,vendorID_0162,Standard,"3-way match, invoice before GR",PR,sourceSystemID_0000,vendor_0160,False,20,4507000391_00020,True,user_097,user_097,Create Purchase Order Item,1997.0,02-01-2018 13:56:00.000
3667902070784,Packaging,companyID_0000,Standard PO,Labels,4507000392,Purchase order,vendorID_0188,Consignment,Consignment,PR,sourceSystemID_0000,vendor_0185,False,10,4507000392_00010,True,user_085,user_085,Create Purchase Order Item,0.0,02-01-2018 14:03:00.000
3667902070785,Packaging,companyID_0000,Standard PO,Labels,4507000392,Purchase order,vendorID_0188,Consignment,Consignment,PR,sourceSystemID_0000,vendor_0185,False,10,4507000392_00010,True,user_085,user_085,Delete Purchase Order Item,0.0,02-01-2018 14:04:00.000
3637837299714,Sales,companyID_0000,Standard PO,Products for Resale,4507000387,Purchase order,vendorID_0185,Standard,"3-way match, invoice before GR",NPR,sourceSystemID_0000,vendor_0182,False,10,4507000387_00010,True,user_045,user_045,Change Approval for Purchase Order,165780.0,02-01-2018 14:06:00.000
3637837299713,Sales,companyID_0000,Standard PO,Products for Resale,4507000387,Purchase order,vendorID_0185,Standard,"3-way match, invoice before GR",NPR,sourceSystemID_0000,vendor_0182,False,10,4507000387_00010,True,user_045,user_045,Change Quantity,165780.0,02-01-2018 14:06:00.000
3676492005376,Packaging,companyID_0000,Standard PO,Plastic Containers & Lids < 30L,4507000394,Purchase order,vendorID_0162,Standard,"3-way match, invoice before GR",PR,sourceSystemID_0000,vendor_0160,False,10,4507000394_00010,True,user_097,user_097,Create Purchase Order Item,4435.0,02-01-2018 14:07:00.000
3672197038080,Packaging,companyID_0000,Standard PO,Labels,4507000393,Purchase order,vendorID_0188,Consignment,Consignment,PR,sourceSystemID_0000,vendor_0185,False,10,4507000393_00010,True,user_079,user_079,Create Purchase Order Item,0.0,02-01-2018 14:07:00.000
3680786972672,Solvents,companyID_0000,Standard PO,Aliphatic Solvents,4507000395,Purchase order,vendorID_0189,Standard,"3-way match, invoice before GR",PR,sourceSystemID_0000,vendor_0186,False,10,4507000395_00010,True,user_100,user_100,Create Purchase Order Item,1525.0,02-01-2018 14:08:00.000
3685081939968,Sales,companyID_0000,Standard PO,Products for Resale,4507000396,Purchase order,vendorID_0185,Standard,"3-way match, invoice before GR",NPR,sourceSystemID_0000,vendor_0182,False,10,4507000396_00010,True,user_045,user_045,Create Purchase Order Item,55260.0,02-01-2018 14:09:00.000
3689376907264,Additives,companyID_0000,Standard PO,Neutralisation Agents,4507000397,Purchase order,vendorID_0189,Standard,"3-way match, invoice before GR",PR,sourceSystemID_0000,vendor_0186,False,10,4507000397_00010,True,user_100,user_100,Create Purchase Order Item,581.0,02-01-2018 14:13:00.000
3693671874561,Latex & Monomers,companyID_0000,Standard PO,Vinyl Acetate Ethylenes,4507000398,Purchase order,vendorID_0190,Consignment,Consignment,PR,sourceSystemID_0000,vendor_0187,False,10,4507000398_00010,True,user_103,user_103,Change Quantity,0.0,02-01-2018 14:17:00.000
3693671874560,Latex & Monomers,companyID_0000,Standard PO,Vinyl Acetate Ethylenes,4507000398,Purchase order,vendorID_0190,Consignment,Consignment,PR,sourceSystemID_0000,vendor_0187,False,10,4507000398_00010,True,user_103,user_103,Create Purchase Order Item,0.0,02-01-2018 14:17:00.000
3697966841856,Packaging,companyID_0000,Standard PO,Metal Containers & Lids < 30L,4507000399,Purchase order,vendorID_0125,Standard,"3-way match, invoice before GR",PR,sourceSystemID_0000,vendor_0124,False,10,4507000399_00010,True,user_105,user_105,Create Purchase Order Item,238.0,02-01-2018 14:20:00.000
3702261809152,Packaging,companyID_0000,Standard PO,Metal Containers & Lids < 30L,4507000399,Purchase order,vendorID_0125,Standard,"3-way match, invoice before GR",PR,sourceSystemID_0000,vendor_0124,False,20,4507000399_00020,True,user_105,user_105,Create Purchase Order Item,392.0,02-01-2018 14:20:00.000
3706556776448,Packaging,companyID_0000,Standard PO,Metal Containers & Lids < 30L,4507000399,Purchase order,vendorID_0125,Standard,"3-way match, invoice before GR",PR,sourceSystemID_0000,vendor_0124,False,30,4507000399_00030,True,user_105,user_105,Create Purchase Order Item,182.0,02-01-2018 14:20:00.000
3710851743744,Packaging,companyID_0000,Standard PO,Metal Containers & Lids < 30L,4507000399,Purchase order,vendorID_0125,Standard,"3-way match, invoice before GR",PR,sourceSystemID_0000,vendor_0124,False,40,4507000399_00040,True,user_105,user_105,Create Purchase Order Item,316.0,02-01-2018 14:20:00.000
3753801416704,Sales,companyID_0000,Standard PO,Products for Resale,4507000400,Purchase order,vendorID_0111,Standard,"3-way match, invoice before GR",NPR,sourceSystemID_0000,vendor_0111,False,100,4507000400_00100,True,user_036,user_036,Create Purchase Order Item,963.0,02-01-2018 14:21:00.000
3715146711040,Sales,companyID_0000,Standard PO,Products for Resale,4507000400,Purchase order,vendorID_0111,Standard,"3-way match, invoice before GR",NPR,sourceSystemID_0000,vendor_0111,False,10,4507000400_00010,True,user_036,user_036,Create Purchase Order Item,4023.0,02-01-2018 14:21:00.000
3719441678336,Sales,companyID_0000,Standard PO,Products for Resale,4507000400,Purchase order,vendorID_0111,Standard,"3-way match, invoice before GR",NPR,sourceSystemID_0000,vendor_0111,False,20,4507000400_00020,True,user_036,user_036,Create Purchase Order Item,3710.0,02-01-2018 14:21:00.000
3723736645632,Sales,companyID_0000,Standard PO,Products for Resale,4507000400,Purchase order,vendorID_0111,Standard,"3-way match, invoice before GR",NPR,sourceSystemID_0000,vendor_0111,False,30,4507000400_00030,True,user_036,user_036,Create Purchase Order Item,6741.0,02-01-2018 14:21:00.000
3728031612928,Sales,companyID_0000,Standard PO,Products for Resale,4507000400,Purchase order,vendorID_0111,Standard,"3-way match, invoice before GR",NPR,sourceSystemID_0000,vendor_0111,False,40,4507000400_00040,True,user_036,user_036,Create Purchase Order Item,123.0,02-01-2018 14:21:00.000
3732326580224,Sales,companyID_0000,Standard PO,Products for Resale,4507000400,Purchase order,vendorID_0111,Standard,"3-way match, invoice before GR",NPR,sourceSystemID_0000,vendor_0111,False,50,4507000400_00050,True,user_036,user_036,Create Purchase Order Item,7983.0,02-01-2018 14:21:00.000
3736621547520,Sales,companyID_0000,Standard PO,Products for Resale,4507000400,Purchase order,vendorID_0111,Standard,"3-way match, invoice before GR",NPR,sourceSystemID_0000,vendor_0111,False,60,4507000400_00060,True,user_036,user_036,Create Purchase Order Item,3457.0,02-01-2018 14:21:00.000
3740916514816,Sales,companyID_0000,Standard PO,Products for Resale,4507000400,Purchase order,vendorID_0111,Standard,"3-way match, invoice before GR",NPR,sourceSystemID_0000,vendor_0111,False,70,4507000400_00070,True,user_036,user_036,Create Purchase Order Item,14641.0,02-01-2018 14:21:00.000
3745211482112,Sales,companyID_0000,Standard PO,Products for Resale,4507000400,Purchase order,vendorID_0111,Standard,"3-way match, invoice before GR",NPR,sourceSystemID_0000,vendor_0111,False,80,4507000400_00080,True,user_036,user_036,Create Purchase Order Item,1395.0,02-01-2018 14:21:00.000
3749506449408,Sales,companyID_0000,Standard PO,Products for Resale,4507000400,Purchase order,vendorID_0111,Standard,"3-way match, invoice before GR",NPR,sourceSystemID_0000,vendor_0111,False,90,4507000400_00090,True,user_036,user_036,Create Purchase Order Item,247.0,02-01-2018 14:21:00.000
3762391351296,Additives,companyID_0000,Standard PO,Surfactants,4507000401,Purchase order,vendorID_0141,Standard,"3-way match, invoice before GR",PR,sourceSystemID_0000,vendor_0140,False,10,4507000401_00010,True,user_100,user_100,Create Purchase Order Item,4347.0,02-01-2018 14:24:00.000
3766686318592,Latex & Monomers,companyID_0000,Standard PO,Vinyl Acetate Ethylenes,4507000402,Purchase order,vendorID_0191,Consignment,Consignment,PR,sourceSystemID_0000,vendor_0188,False,10,4507000402_00010,True,user_103,user_103,Create Purchase Order Item,0.0,02-01-2018 14:25:00.000
3775276253184,Packaging,companyID_0000,Standard PO,Labels,4507000403,Purchase order,vendorID_0192,Standard,"3-way match, invoice before GR",PR,sourceSystemID_0000,vendor_0189,False,10,4507000403_00010,True,user_052,user_052,Create Purchase Order Item,166.0,02-01-2018 14:31:00.000
3788161155072,Packaging,companyID_0000,Standard PO,Labels,4507000403,Purchase order,vendorID_0192,Standard,"3-way match, invoice before GR",PR,sourceSystemID_0000,vendor_0189,False,40,4507000403_00040,True,user_052,user_052,Create Purchase Order Item,1299.0,02-01-2018 14:31:00.000
3783866187776,Packaging,companyID_0000,Standard PO,Labels,4507000403,Purchase order,vendorID_0192,Standard,"3-way match, invoice before GR",PR,sourceSystemID_0000,vendor_0189,False,30,4507000403_00030,True,user_052,user_052,Create Purchase Order Item,1299.0,02-01-2018 14:31:00.000
3779571220480,Packaging,companyID_0000,Standard PO,Labels,4507000403,Purchase order,vendorID_0192,Standard,"3-way match, invoice before GR",PR,sourceSystemID_0000,vendor_0189,False,20,4507000403_00020,True,user_052,user_052,Create Purchase Order Item,1299.0,02-01-2018 14:31:00.000
3792456122368,Latex & Monomers,companyID_0000,Standard PO,Vinyl Acrylics,4507000404,Purchase order,vendorID_0159,Standard,"3-way match, invoice before GR",PR,sourceSystemID_0000,vendor_0157,False,10,4507000404_00010,True,user_064,user_064,Create Purchase Order Item,41798.0,02-01-2018 14:38:00.000
3796751089664,Latex & Monomers,companyID_0000,Standard PO,Vinyl Acrylics,4507000405,Purchase order,vendorID_0159,Standard,"3-way match, invoice before GR",PR,sourceSystemID_0000,vendor_0157,False,10,4507000405_00010,True,user_064,user_064,Create Purchase Order Item,41798.0,02-01-2018 14:38:00.000
3801046056960,Latex & Monomers,companyID_0000,Standard PO,Vinyl Acrylics,4507000406,Purchase order,vendorID_0193,Standard,"3-way match, invoice before GR",PR,sourceSystemID_0000,vendor_0190,False,10,4507000406_00010,True,user_064,user_064,Create Purchase Order Item,28361.0,02-01-2018 14:39:00.000
3792456122369,Latex & Monomers,companyID_0000,Standard PO,Vinyl Acrylics,4507000404,Purchase order,vendorID_0159,Standard,"3-way match, invoice before GR",PR,sourceSystemID_0000,vendor_0157,False,10,4507000404_00010,True,user_029,user_029,Receive Order Confirmation,41798.0,02-01-2018 14:40:00.000
3809635991552,Latex & Monomers,companyID_0000,Standard PO,Vinyl Acrylics,4507000408,Purchase order,vendorID_0159,Standard,"3-way match, invoice before GR",PR,sourceSystemID_0000,vendor_0157,False,10,4507000408_00010,True,user_064,user_064,Create Purchase Order Item,43926.0,02-01-2018 14:40:00.000
3813930958848,Latex & Monomers,companyID_0000,Standard PO,Vinyl Acrylics,4507000409,Purchase order,vendorID_0193,Standard,"3-way match, invoice before GR",PR,sourceSystemID_0000,vendor_0190,False,10,4507000409_00010,True,user_064,user_064,Create Purchase Order Item,40106.0,02-01-2018 14:40:00.000
3805341024256,Latex & Monomers,companyID_0000,Standard PO,Vinyl Acrylics,4507000407,Purchase order,vendorID_0159,Standard,"3-way match, invoice before GR",PR,sourceSystemID_0000,vendor_0157,False,10,4507000407_00010,True,user_064,user_064,Create Purchase Order Item,43926.0,02-01-2018 14:40:00.000
3818225926144,Latex & Monomers,companyID_0000,Standard PO,Vinyl Acrylics,4507000410,Purchase order,vendorID_0159,Standard,"3-way match, invoice before GR",PR,sourceSystemID_0000,vendor_0157,False,10,4507000410_00010,True,user_064,user_064,Create Purchase Order Item,43926.0,02-01-2018 14:41:00.000
3822520893440,Additives,companyID_0000,Standard PO,Extenders,4507000411,Purchase order,vendorID_0194,Consignment,Consignment,PR,sourceSystemID_0000,vendor_0191,False,10,4507000411_00010,True,user_103,user_103,Create Purchase Order Item,0.0,02-01-2018 14:41:00.000
3796751089665,Latex & Monomers,companyID_0000,Standard PO,Vinyl Acrylics,4507000405,Purchase order,vendorID_0159,Standard,"3-way match, invoice before GR",PR,sourceSystemID_0000,vendor_0157,False,10,4507000405_00010,True,user_029,user_029,Receive Order Confirmation,41798.0,02-01-2018 14:45:00.000
3805341024257,Latex & Monomers,companyID_0000,Standard PO,Vinyl Acrylics,4507000407,Purchase order,vendorID_0159,Standard,"3-way match, invoice before GR",PR,sourceSystemID_0000,vendor_0157,False,10,4507000407_00010,True,user_029,user_029,Receive Order Confirmation,43926.0,02-01-2018 14:45:00.000
3826815860736,Packaging,companyID_0000,Standard PO,Labels,4507000412,Purchase order,vendorID_0120,Standard,"3-way match, invoice before GR",PR,sourceSystemID_0000,vendor_0119,False,10,4507000412_00010,True,user_052,user_052,Create Purchase Order Item,320.0,02-01-2018 14:47:00.000
3861175599104,Packaging,companyID_0000,Standard PO,Labels,4507000413,Purchase order,vendorID_0120,Standard,"3-way match, invoice before GR",PR,sourceSystemID_0000,vendor_0119,False,10,4507000413_00010,True,user_052,user_052,Create Purchase Order Item,101.0,02-01-2018 14:47:00.000
3856880631808,Packaging,companyID_0000,Standard PO,Labels,4507000412,Purchase order,vendorID_0120,Standard,"3-way match, invoice before GR",PR,sourceSystemID_0000,vendor_0119,False,80,4507000412_00080,True,user_052,user_052,Create Purchase Order Item,243.0,02-01-2018 14:47:00.000
3852585664512,Packaging,companyID_0000,Standard PO,Labels,4507000412,Purchase order,vendorID_0120,Standard,"3-way match, invoice before GR",PR,sourceSystemID_0000,vendor_0119,False,70,4507000412_00070,True,user_052,user_052,Create Purchase Order Item,605.0,02-01-2018 14:47:00.000
3848290697216,Packaging,companyID_0000,Standard PO,Labels,4507000412,Purchase order,vendorID_0120,Standard,"3-way match, invoice before GR",PR,sourceSystemID_0000,vendor_0119,False,60,4507000412_00060,True,user_052,user_052,Create Purchase Order Item,605.0,02-01-2018 14:47:00.000
3843995729920,Packaging,companyID_0000,Standard PO,Labels,4507000412,Purchase order,vendorID_0120,Standard,"3-way match, invoice before GR",PR,sourceSystemID_0000,vendor_0119,False,50,4507000412_00050,True,user_052,user_052,Create Purchase Order Item,229.0,02-01-2018 14:47:00.000
3839700762624,Packaging,companyID_0000,Standard PO,Labels,4507000412,Purchase order,vendorID_0120,Standard,"3-way match, invoice before GR",PR,sourceSystemID_0000,vendor_0119,False,40,4507000412_00040,True,user_052,user_052,Create Purchase Order Item,879.0,02-01-2018 14:47:00.000
3835405795328,Packaging,companyID_0000,Standard PO,Labels,4507000412,Purchase order,vendorID_0120,Standard,"3-way match, invoice before GR",PR,sourceSystemID_0000,vendor_0119,False,30,4507000412_00030,True,user_052,user_052,Create Purchase Order Item,102.0,02-01-2018 14:47:00.000
3831110828032,Packaging,companyID_0000,Standard PO,Labels,4507000412,Purchase order,vendorID_0120,Standard,"3-way match, invoice before GR",PR,sourceSystemID_0000,vendor_0119,False,20,4507000412_00020,True,user_052,user_052,Create Purchase Order Item,320.0,02-01-2018 14:47:00.000
3869765533696,Packaging,companyID_0000,Standard PO,Labels,4507000413,Purchase order,vendorID_0120,Standard,"3-way match, invoice before GR",PR,sourceSystemID_0000,vendor_0119,False,30,4507000413_00030,True,user_052,user_052,Create Purchase Order Item,178.0,02-01-2018 14:47:00.000
3865470566400,Packaging,companyID_0000,Standard PO,Labels,4507000413,Purchase order,vendorID_0120,Standard,"3-way match, invoice before GR",PR,sourceSystemID_0000,vendor_0119,False,20,4507000413_00020,True,user_052,user_052,Create Purchase Order Item,243.0,02-01-2018 14:47:00.000
3886945402880,Additives,companyID_0000,Standard PO,Defoamers & Antifoams,4507000415,Purchase order,vendorID_0113,Standard,"3-way match, invoice before GR",PR,sourceSystemID_0000,vendor_0113,False,10,4507000415_00010,True,user_033,user_033,Create Purchase Order Item,9062.0,02-01-2018 14:49:00.000
3882650435584,Packaging,companyID_0000,Standard PO,Metal Containers & Lids < 30L,4507000414,Purchase order,vendorID_0195,Standard,"3-way match, invoice before GR",PR,sourceSystemID_0000,vendor_0192,False,30,4507000414_00030,True,user_108,user_108,Create Purchase Order Item,2185.0,02-01-2018 14:49:00.000
3878355468288,Packaging,companyID_0000,Standard PO,Metal Containers & Lids < 30L,4507000414,Purchase order,vendorID_0195,Standard,"3-way match, invoice before GR",PR,sourceSystemID_0000,vendor_0192,False,20,4507000414_00020,True,user_108,user_108,Create Purchase Order Item,4563.0,02-01-2018 14:49:00.000
3874060500992,Packaging,companyID_0000,Standard PO,Metal Containers & Lids < 30L,4507000414,Purchase order,vendorID_0195,Standard,"3-way match, invoice before GR",PR,sourceSystemID_0000,vendor_0192,False,10,4507000414_00010,True,user_108,user_108,Create Purchase Order Item,1703.0,02-01-2018 14:49:00.000
3809635991553,Latex & Monomers,companyID_0000,Standard PO,Vinyl Acrylics,4507000408,Purchase order,vendorID_0159,Standard,"3-way match, invoice before GR",PR,sourceSystemID_0000,vendor_0157,False,10,4507000408_00010,True,user_029,user_029,Receive Order Confirmation,43926.0,02-01-2018 14:50:00.000
3818225926145,Latex & Monomers,companyID_0000,Standard PO,Vinyl Acrylics,4507000410,Purchase order,vendorID_0159,Standard,"3-way match, invoice before GR",PR,sourceSystemID_0000,vendor_0157,False,10,4507000410_00010,True,user_029,user_029,Receive Order Confirmation,43926.0,02-01-2018 14:50:00.000
3895535337472,Latex & Monomers,companyID_0000,Standard PO,Opaque Polymers,4507000417,Purchase order,vendorID_0183,Standard,"3-way match, invoice after GR",PR,sourceSystemID_0000,vendor_0181,True,10,4507000417_00010,True,user_091,user_091,Create Purchase Order Item,35832.0,02-01-2018 14:51:00.000
3891240370176,Solvents,companyID_0000,Standard PO,Ester Solvents,4507000416,Purchase order,vendorID_0166,Standard,"3-way match, invoice before GR",PR,sourceSystemID_0000,vendor_0164,False,10,4507000416_00010,True,user_066,user_066,Create Purchase Order Item,5126.0,02-01-2018 14:51:00.000
6,CAPEX & SOCS,companyID_0000,EC Purchase order,Facility Management,2000000000,Purchase order,vendorID_0000,Standard,"3-way match, invoice before GR",NPR,sourceSystemID_0000,vendor_0000,False,1,2000000000_00001,True,batch_00,batch_00,SRM: Change was Transmitted,298.0,02-01-2018 14:53:00.000
3,CAPEX & SOCS,companyID_0000,EC Purchase order,Facility Management,2000000000,Purchase order,vendorID_0000,Standard,"3-way match, invoice before GR",NPR,sourceSystemID_0000,vendor_0000,False,1,2000000000_00001,True,batch_00,batch_00,SRM: Document Completed,298.0,02-01-2018 14:53:00.000
2,CAPEX & SOCS,companyID_0000,EC Purchase order,Facility Management,2000000000,Purchase order,vendorID_0000,Standard,"3-way match, invoice before GR",NPR,sourceSystemID_0000,vendor_0000,False,1,2000000000_00001,True,batch_00,batch_00,SRM: Awaiting Approval,298.0,02-01-2018 14:53:00.000
1,CAPEX & SOCS,companyID_0000,EC Purchase order,Facility Management,2000000000,Purchase order,vendorID_0000,Standard,"3-way match, invoice before GR",NPR,sourceSystemID_0000,vendor_0000,False,1,2000000000_00001,True,batch_00,batch_00,SRM: Complete,298.0,02-01-2018 14:53:00.000
4,CAPEX & SOCS,companyID_0000,EC Purchase order,Facility Management,2000000000,Purchase order,vendorID_0000,Standard,"3-way match, invoice before GR",NPR,sourceSystemID_0000,vendor_0000,False,1,2000000000_00001,True,batch_00,batch_00,SRM: In Transfer to Execution Syst.,298.0,02-01-2018 14:53:00.000
5,CAPEX & SOCS,companyID_0000,EC Purchase order,Facility Management,2000000000,Purchase order,vendorID_0000,Standard,"3-way match, invoice before GR",NPR,sourceSystemID_0000,vendor_0000,False,1,2000000000_00001,True,batch_00,batch_00,SRM: Ordered,298.0,02-01-2018 14:53:00.000
7,CAPEX & SOCS,companyID_0000,EC Purchase order,Facility Management,2000000000,Purchase order,vendorID_0000,Standard,"3-way match, invoice before GR",NPR,sourceSystemID_0000,vendor_0000,False,1,2000000000_00001,True,user_000,user_000,Create Purchase Order Item,298.0,02-01-2018 14:53:00.000
3899830304768,Latex & Monomers,companyID_0000,Standard PO,Vinyl Acrylics,4507000418,Purchase order,vendorID_0183,Standard,"3-way match, invoice after GR",PR,sourceSystemID_0000,vendor_0181,True,10,4507000418_00010,True,user_091,user_091,Create Purchase Order Item,38160.0,02-01-2018 14:54:00.000
3934190043136,Sales,companyID_0000,Standard PO,Products for Resale,4507000419,Purchase order,vendorID_0196,Standard,"3-way match, invoice before GR",NPR,sourceSystemID_0000,vendor_0193,False,80,4507000419_00080,True,user_089,user_089,Create Purchase Order Item,289.0,02-01-2018 14:55:00.000
3912715206656,Sales,companyID_0000,Standard PO,Products for Resale,4507000419,Purchase order,vendorID_0196,Standard,"3-way match, invoice before GR",NPR,sourceSystemID_0000,vendor_0193,False,30,4507000419_00030,True,user_089,user_089,Create Purchase Order Item,1358.0,02-01-2018 14:55:00.000
3929895075840,Sales,companyID_0000,Standard PO,Products for Resale,4507000419,Purchase order,vendorID_0196,Standard,"3-way match, invoice before GR",NPR,sourceSystemID_0000,vendor_0193,False,70,4507000419_00070,True,user_089,user_089,Create Purchase Order Item,88.0,02-01-2018 14:55:00.000
3925600108544,Sales,companyID_0000,Standard PO,Products for Resale,4507000419,Purchase order,vendorID_0196,Standard,"3-way match, invoice before GR",NPR,sourceSystemID_0000,vendor_0193,False,60,4507000419_00060,True,user_089,user_089,Create Purchase Order Item,625.0,02-01-2018 14:55:00.000
3904125272064,Sales,companyID_0000,Standard PO,Products for Resale,4507000419,Purchase order,vendorID_0196,Standard,"3-way match, invoice before GR",NPR,sourceSystemID_0000,vendor_0193,False,10,4507000419_00010,True,user_089,user_089,Create Purchase Order Item,296.0,02-01-2018 14:55:00.000
3908420239360,Sales,companyID_0000,Standard PO,Products for Resale,4507000419,Purchase order,vendorID_0196,Standard,"3-way match, invoice before GR",NPR,sourceSystemID_0000,vendor_0193,False,20,4507000419_00020,True,user_089,user_089,Create Purchase Order Item,192.0,02-01-2018 14:55:00.000
3917010173952,Sales,companyID_0000,Standard PO,Products for Resale,4507000419,Purchase order,vendorID_0196,Standard,"3-way match, invoice before GR",NPR,sourceSystemID_0000,vendor_0193,False,40,4507000419_00040,True,user_089,user_089,Create Purchase Order Item,135.0,02-01-2018 14:55:00.000
3921305141248,Sales,companyID_0000,Standard PO,Products for Resale,4507000419,Purchase order,vendorID_0196,Standard,"3-way match, invoice before GR",NPR,sourceSystemID_0000,vendor_0193,False,50,4507000419_00050,True,user_089,user_089,Create Purchase Order Item,163.0,02-01-2018 14:55:00.000
3938485010432,Sales,companyID_0000,Standard PO,Products for Resale,4507000419,Purchase order,vendorID_0196,Standard,"3-way match, invoice before GR",NPR,sourceSystemID_0000,vendor_0193,False,90,4507000419_00090,True,user_089,user_089,Create Purchase Order Item,315.0,02-01-2018 14:55:00.000
3942779977728,Sales,companyID_0000,Standard PO,Products for Resale,4507000420,Purchase order,vendorID_0196,Standard,"3-way match, invoice before GR",NPR,sourceSystemID_0000,vendor_0193,False,10,4507000420_00010,True,user_089,user_089,Create Purchase Order Item,296.0,02-01-2018 14:58:00.000
3951369912320,Sales,companyID_0000,Standard PO,Products for Resale,4507000420,Purchase order,vendorID_0196,Standard,"3-way match, invoice before GR",NPR,sourceSystemID_0000,vendor_0193,False,30,4507000420_00030,True,user_089,user_089,Create Purchase Order Item,184.0,02-01-2018 14:58:00.000
3947074945024,Sales,companyID_0000,Standard PO,Products for Resale,4507000420,Purchase order,vendorID_0196,Standard,"3-way match, invoice before GR",NPR,sourceSystemID_0000,vendor_0193,False,20,4507000420_00020,True,user_089,user_089,Create Purchase Order Item,192.0,02-01-2018 14:58:00.000
3955664879616,Latex & Monomers,companyID_0000,Standard PO,Vinyl Acrylics,4507000421,Purchase order,vendorID_0183,Standard,"3-way match, invoice after GR",PR,sourceSystemID_0000,vendor_0181,True,10,4507000421_00010,True,user_091,user_091,Create Purchase Order Item,33058.0,02-01-2018 15:06:00.000
3955664879617,Latex & Monomers,companyID_0000,Standard PO,Vinyl Acrylics,4507000421,Purchase order,vendorID_0183,Standard,"3-way match, invoice after GR",PR,sourceSystemID_0000,vendor_0181,True,10,4507000421_00010,True,user_091,user_091,Change Approval for Purchase Order,33058.0,02-01-2018 15:07:00.000
3959959846912,Latex & Monomers,companyID_0000,Standard PO,Vinyl Acrylics,4507000422,Purchase order,vendorID_0183,Standard,"3-way match, invoice after GR",PR,sourceSystemID_0000,vendor_0181,True,10,4507000422_00010,True,user_091,user_091,Create Purchase Order Item,33740.0,02-01-2018 15:11:00.000
3959959846913,Latex & Monomers,companyID_0000,Standard PO,Vinyl Acrylics,4507000422,Purchase order,vendorID_0183,Standard,"3-way match, invoice after GR",PR,sourceSystemID_0000,vendor_0181,True,10,4507000422_00010,True,user_091,user_091,Change Approval for Purchase Order,33740.0,02-01-2018 15:12:00.000
3964254814208,Trading & End Products,companyID_0000,Standard PO,Trading products (old structure),4507000423,Purchase order,vendorID_0197,Standard,"3-way match, invoice before GR",PR,sourceSystemID_0000,vendor_0194,False,10,4507000423_00010,True,user_085,user_085,Create Purchase Order Item,2630.0,02-01-2018 15:13:00.000
3977139716096,Latex & Monomers,companyID_0000,Standard PO,Pure Acrylics,4507000425,Purchase order,vendorID_0183,Standard,"3-way match, invoice after GR",PR,sourceSystemID_0000,vendor_0181,True,10,4507000425_00010,True,user_091,user_091,Create Purchase Order Item,48054.0,02-01-2018 15:15:00.000
3972844748800,Solvents,companyID_0000,Standard PO,Glycol & Ether Solvents,4507000424,Purchase order,vendorID_0198,Standard,"3-way match, invoice before GR",PR,sourceSystemID_0000,vendor_0195,False,20,4507000424_00020,True,user_066,user_066,Create Purchase Order Item,5749.0,02-01-2018 15:15:00.000
3968549781504,Additives,companyID_0000,Standard PO,Surfactants,4507000424,Purchase order,vendorID_0198,Standard,"3-way match, invoice before GR",PR,sourceSystemID_0000,vendor_0195,False,10,4507000424_00010,True,user_066,user_066,Create Purchase Order Item,2769.0,02-01-2018 15:15:00.000
3981434683392,Sales,companyID_0000,Standard PO,Products for Resale,4507000426,Purchase order,vendorID_0199,Standard,"3-way match, invoice before GR",NPR,sourceSystemID_0000,vendor_0196,False,10,4507000426_00010,True,user_089,user_089,Create Purchase Order Item,20852.0,02-01-2018 15:19:00.000
3985729650688,Packaging,companyID_0000,Standard PO,Metal Containers & Lids < 30L,4507000427,Purchase order,vendorID_0175,Standard,"3-way match, invoice before GR",PR,sourceSystemID_0000,vendor_0173,False,10,4507000427_00010,True,user_108,user_108,Create Purchase Order Item,24029.0,02-01-2018 15:22:00.000
3990024617984,Packaging,companyID_0000,Standard PO,Metal Containers & Lids < 30L,4507000428,Purchase order,vendorID_0200,Standard,"3-way match, invoice before GR",PR,sourceSystemID_0000,vendor_0197,False,10,4507000428_00010,True,user_108,user_108,Create Purchase Order Item,3885.0,02-01-2018 15:22:00.000
3994319585280,Packaging,companyID_0000,Standard PO,Metal Containers & Lids < 30L,4507000428,Purchase order,vendorID_0200,Standard,"3-way match, invoice before GR",PR,sourceSystemID_0000,vendor_0197,False,20,4507000428_00020,True,user_108,user_108,Create Purchase Order Item,12176.0,02-01-2018 15:22:00.000
3998614552576,,companyID_0000,Standard PO,,4507000428,Purchase order,vendorID_0200,Standard,"3-way match, invoice before GR",,sourceSystemID_0000,vendor_0197,False,30,4507000428_00030,True,user_108,user_108,Create Purchase Order Item,5313.0,02-01-2018 15:22:00.000
4002909519872,Packaging,companyID_0000,Standard PO,Metal Containers & Lids < 30L,4507000429,Purchase order,vendorID_0106,Standard,"3-way match, invoice before GR",PR,sourceSystemID_0000,vendor_0106,False,10,4507000429_00010,True,user_108,user_108,Create Purchase Order Item,6730.0,02-01-2018 15:22:00.000
4007204487170,Logistics,companyID_0000,Framework order,Sea,4507000430,Purchase order,vendorID_0201,Service,"3-way match, invoice after GR",NPR,sourceSystemID_0000,vendor_0198,True,10,4507000430_00010,True,user_092,user_092,Create Purchase Order Item,3348498.0,02-01-2018 15:23:00.000
4011499454465,Logistics,companyID_0000,Framework order,Sea,4507000430,Purchase order,vendorID_0201,Service,"3-way match, invoice after GR",NPR,sourceSystemID_0000,vendor_0198,True,20,4507000430_00020,True,user_092,user_092,Create Purchase Order Item,29067.0,02-01-2018 15:23:00.000
3058016714753,Latex & Monomers,companyID_0000,Standard PO,Opaque Polymers,4507000332,Purchase order,vendorID_0159,Consignment,Consignment,PR,sourceSystemID_0000,vendor_0157,False,10,4507000332_00010,True,user_029,user_029,Receive Order Confirmation,0.0,02-01-2018 15:25:00.000
3036541878273,Latex & Monomers,companyID_0000,Standard PO,Opaque Polymers,4507000327,Purchase order,vendorID_0159,Consignment,Consignment,PR,sourceSystemID_0000,vendor_0157,False,10,4507000327_00010,True,user_029,user_029,Receive Order Confirmation,0.0,02-01-2018 15:25:00.000
4007204487171,Logistics,companyID_0000,Framework order,Sea,4507000430,Purchase order,vendorID_0201,Service,"3-way match, invoice after GR",NPR,sourceSystemID_0000,vendor_0198,True,10,4507000430_00010,True,user_110,user_110,Record Goods Receipt,3348498.0,02-01-2018 15:25:00.000
4007204487173,Logistics,companyID_0000,Framework order,Sea,4507000430,Purchase order,vendorID_0201,Service,"3-way match, invoice after GR",NPR,sourceSystemID_0000,vendor_0198,True,10,4507000430_00010,True,user_110,user_110,Cancel Goods Receipt,3348498.0,02-01-2018 15:25:00.000
4007204487172,Logistics,companyID_0000,Framework order,Sea,4507000430,Purchase order,vendorID_0201,Service,"3-way match, invoice after GR",NPR,sourceSystemID_0000,vendor_0198,True,10,4507000430_00010,True,NONE,NONE,Record Service Entry Sheet,3348498.0,02-01-2018 15:25:00.000
4024384356352,Packaging,companyID_0000,Standard PO,Drums,4507000432,Purchase order,vendorID_0202,Standard,"3-way match, invoice before GR",PR,sourceSystemID_0000,vendor_0199,False,10,4507000432_00010,True,user_097,user_097,Create Purchase Order Item,2212.0,02-01-2018 15:28:00.000
4020089389056,Additives,companyID_0000,Standard PO,Biocides,4507000431,Purchase order,vendorID_0042,Consignment,Consignment,PR,sourceSystemID_0000,vendor_0042,False,10,4507000431_00010,True,user_066,user_066,Create Purchase Order Item,0.0,02-01-2018 15:28:00.000
4024384356353,Packaging,companyID_0000,Standard PO,Drums,4507000432,Purchase order,vendorID_0202,Standard,"3-way match, invoice before GR",PR,sourceSystemID_0000,vendor_0199,False,10,4507000432_00010,True,user_097,user_097,Change Quantity,2212.0,02-01-2018 15:29:00.000
4032974290944,Solvents,companyID_0000,Standard PO,Aromatic Solvents,4507000433,Purchase order,vendorID_0171,Standard,"3-way match, invoice before GR",PR,sourceSystemID_0000,vendor_0169,False,10,4507000433_00010,True,user_043,user_043,Create Purchase Order Item,3585.0,02-01-2018 15:29:00.000
3032246910977,Latex & Monomers,companyID_0000,Standard PO,Opaque Polymers,4507000326,Purchase order,vendorID_0159,Consignment,Consignment,PR,sourceSystemID_0000,vendor_0157,False,10,4507000326_00010,True,user_029,user_029,Receive Order Confirmation,0.0,02-01-2018 15:30:00.000
3066606649345,Latex & Monomers,companyID_0000,Standard PO,Opaque Polymers,4507000334,Purchase order,vendorID_0159,Consignment,Consignment,PR,sourceSystemID_0000,vendor_0157,False,10,4507000334_00010,True,user_029,user_029,Receive Order Confirmation,0.0,02-01-2018 15:30:00.000
3062311682049,Latex & Monomers,companyID_0000,Standard PO,Opaque Polymers,4507000333,Purchase order,vendorID_0159,Consignment,Consignment,PR,sourceSystemID_0000,vendor_0157,False,10,4507000333_00010,True,user_029,user_029,Receive Order Confirmation,0.0,02-01-2018 15:30:00.000
3053721747457,Latex & Monomers,companyID_0000,Standard PO,Opaque Polymers,4507000331,Purchase order,vendorID_0159,Consignment,Consignment,PR,sourceSystemID_0000,vendor_0157,False,10,4507000331_00010,True,user_029,user_029,Receive Order Confirmation,0.0,02-01-2018 15:30:00.000
3049426780161,Latex & Monomers,companyID_0000,Standard PO,Opaque Polymers,4507000330,Purchase order,vendorID_0159,Consignment,Consignment,PR,sourceSystemID_0000,vendor_0157,False,10,4507000330_00010,True,user_029,user_029,Receive Order Confirmation,0.0,02-01-2018 15:30:00.000
3045131812865,Latex & Monomers,companyID_0000,Standard PO,Opaque Polymers,4507000329,Purchase order,vendorID_0159,Consignment,Consignment,PR,sourceSystemID_0000,vendor_0157,False,10,4507000329_00010,True,user_029,user_029,Receive Order Confirmation,0.0,02-01-2018 15:30:00.000
3002182139905,Latex & Monomers,companyID_0000,Standard PO,Opaque Polymers,4507000324,Purchase order,vendorID_0159,Consignment,Consignment,PR,sourceSystemID_0000,vendor_0157,False,10,4507000324_00010,True,user_029,user_029,Receive Order Confirmation,0.0,02-01-2018 15:30:00.000
4028679323648,Packaging,companyID_0000,Standard PO,Plastic Containers & Lids < 30L,4507000432,Purchase order,vendorID_0202,Standard,"3-way match, invoice before GR",PR,sourceSystemID_0000,vendor_0199,False,20,4507000432_00020,True,user_097,user_097,Create Purchase Order Item,362.0,02-01-2018 15:31:00.000
4037269258240,Additives,companyID_0000,Standard PO,Rheology & Thixotropic Agents,4507000434,Purchase order,vendorID_0203,Standard,"3-way match, invoice before GR",PR,sourceSystemID_0000,vendor_0200,False,10,4507000434_00010,True,user_066,user_066,Create Purchase Order Item,20784.0,02-01-2018 15:31:00.000
4041564225536,Additives,companyID_0000,Standard PO,Surfactants,4507000435,Purchase order,vendorID_0113,Consignment,Consignment,PR,sourceSystemID_0000,vendor_0113,False,10,4507000435_00010,True,user_066,user_066,Create Purchase Order Item,0.0,02-01-2018 15:32:00.000
4045859192832,Logistics,companyID_0000,Framework order,Other Logistics Services,4507000436,Purchase order,vendorID_0204,Service,"3-way match, invoice after GR",NPR,sourceSystemID_0000,vendor_0201,True,10,4507000436_00010,True,user_092,user_092,Create Purchase Order Item,542947.0,02-01-2018 15:33:00.000
4063039062016,Additives,companyID_0000,Standard PO,Rheology & Thixotropic Agents,4507000437,Purchase order,vendorID_0124,Standard,"3-way match, invoice before GR",PR,sourceSystemID_0000,vendor_0123,False,40,4507000437_00040,True,user_066,user_066,Create Purchase Order Item,2320.0,02-01-2018 15:35:00.000
4050154160128,Additives,companyID_0000,Standard PO,Defoamers & Antifoams,4507000437,Purchase order,vendorID_0124,Standard,"3-way match, invoice before GR",PR,sourceSystemID_0000,vendor_0123,False,10,4507000437_00010,True,user_066,user_066,Create Purchase Order Item,7529.0,02-01-2018 15:35:00.000
4054449127424,Additives,companyID_0000,Standard PO,Defoamers & Antifoams,4507000437,Purchase order,vendorID_0124,Standard,"3-way match, invoice before GR",PR,sourceSystemID_0000,vendor_0123,False,20,4507000437_00020,True,user_066,user_066,Create Purchase Order Item,12626.0,02-01-2018 15:35:00.000
4058744094720,Additives,companyID_0000,Standard PO,Defoamers & Antifoams,4507000437,Purchase order,vendorID_0124,Standard,"3-way match, invoice before GR",PR,sourceSystemID_0000,vendor_0123,False,30,4507000437_00030,True,user_066,user_066,Create Purchase Order Item,5625.0,02-01-2018 15:35:00.000
4067334029312,Specialty Resins,companyID_0000,Standard PO,Specialty Resins - Other,4507000438,Purchase order,vendorID_0205,Standard,"3-way match, invoice before GR",PR,sourceSystemID_0000,vendor_0187,False,10,4507000438_00010,True,user_066,user_066,Create Purchase Order Item,12439.0,02-01-2018 15:36:00.000
4075923963904,CAPEX & SOCS,companyID_0000,Standard PO,Facility Management,4507000439,Purchase order,vendorID_0206,Standard,"3-way match, invoice before GR",NPR,sourceSystemID_0000,vendor_0202,False,20,4507000439_00020,True,user_089,user_089,Create Purchase Order Item,3024.0,02-01-2018 15:37:00.000
4084513898497,Logistics,companyID_0000,Framework order,Road Packed,4507000440,Purchase order,vendorID_0207,Service,"3-way match, invoice after GR",NPR,sourceSystemID_0000,vendor_0203,True,10,4507000440_00010,True,user_092,user_092,Create Purchase Order Item,529589.0,02-01-2018 15:37:00.000
4080218931200,CAPEX & SOCS,companyID_0000,Standard PO,Facility Management,4507000439,Purchase order,vendorID_0206,Standard,"3-way match, invoice before GR",NPR,sourceSystemID_0000,vendor_0202,False,30,4507000439_00030,True,user_089,user_089,Create Purchase Order Item,3038.0,02-01-2018 15:37:00.000
4071628996608,CAPEX & SOCS,companyID_0000,Standard PO,Facility Management,4507000439,Purchase order,vendorID_0206,Standard,"3-way match, invoice before GR",NPR,sourceSystemID_0000,vendor_0202,False,10,4507000439_00010,True,user_089,user_089,Create Purchase Order Item,6498.0,02-01-2018 15:37:00.000
4088808865792,Packaging,companyID_0000,Standard PO,Labels,4507000441,Purchase order,vendorID_0188,Consignment,Consignment,PR,sourceSystemID_0000,vendor_0185,False,10,4507000441_00010,True,user_085,user_085,Create Purchase Order Item,0.0,02-01-2018 15:42:00.000
